{
  "type": "FeatureCollection",
  "generated_at": "2026-10-02T11:40:25.920129Z",
  "features": [
    {
      "type": "Feature",
      "geometry": {
        "type": "Point",
        "coordinates": [
          -48.4997079,
          -27.4389516
        ]
      },
      "properties": {
        "tree_id": "Edgar_20260821175134_006",
        "species": "Bougainvillea",
        "last_measured": "2026-08-21T17:51:31.626Z",
        "photo_url": "https://raw.githubusercontent.com/TrueSightDAO/sunmint/main/images/20260822_130000_FOUNDERHAUS_GROUP.jpg",
        "status": "LINKED",
        "qr_code": "FOUNDERHAUS_BOUGAINVILLEA_20260821_1",
        "submission_source": "https://sunmint.truesight.me/",
        "pk_hash": "pk-ZEchfuNcTefT",
        "program": "",
        "request_txid": "HdRM45+q9x81dxQoWhzwllCOKiJ89h3X6y4khLL1ilQrGCwqBY1g7PMZajvGhbb4ULa+KhqCyKD21+tI3uaBHrmkmkr7kheny/euMUJtCBxnMMyCNwe4NCE3KbMsgh+IKHhPi6ybk88klXZPY5VEOFMdlyTPvAX/fZy6GxlYM2ephHNJaRqfvwPGvg2M+9pbSgsZaRWx8DPAC5iFjrqjY/NKvpfE9kqlVeL1yOu1er9kTZSMI1e411ChBgibOBQvcJBeNORpPBMetFYHlu93Tj8jYs8v+wSLDZ/4s87bcKp3cHlhqvbEWZD2MZxfQyqieBJGXmvv0M3tRifE5FSKgA=="
      }
    },
    {
      "type": "Feature",
      "geometry": {
        "type": "Point",
        "coordinates": [
          -52.095225,
          -3.094431
        ]
      },
      "properties": {
        "tree_id": "Edgar_20260903083411_001",
        "species": "Cacau - Hybrid",
        "last_measured": "2026-09-02T18:42:13-03:00",
        "photo_url": "https://raw.githubusercontent.com/TrueSightDAO/sunmint/main/images/20260902_bomsucesso_tree01.jpg",
        "status": "LINKED",
        "qr_code": "2024OSR_81PB_20260412_3",
        "submission_source": "autopilot-sophia",
        "pk_hash": "pk-JO8Ojv5JKf41",
        "program": "",
        "request_txid": "RjaYsPf924JM75SS84iN/gPYqXUd+vKQhuUUvmYeek/4Hte3gaiIS8s8yVJJHogdWaHTuNL8pYcuyDH6+jfN30PzPY/o9PkAs+aABWw5xQcfg3MCYZmHkaWv/JCK9shsw2CYTeDwWsM1LqFLsQlxeqHTjowbU52wF46W1WWobHaR1/mYzXazoG+wAxvpUGky7c42LCwiRQsaPtQ79ag1E2OaGYbtuDAufy1aooNYX51rJgzmkN6a/pn6qVD7MLkpXhbdHUpK+bj6oRFfineIc2+yFbKcdn55HpNspy7Ly6uO9eKvqqRDZYdID6N4nGucMt7dQJEx2T1LWxCftMTPlw=="
      }
    },
    {
      "type": "Feature",
      "geometry": {
        "type": "Point",
        "coordinates": [
          -52.095131,
          -3.094458
        ]
      },
      "properties": {
        "tree_id": "Edgar_20260903083523_003",
        "species": "Cacau - Hybrid",
        "last_measured": "2026-09-02T18:47:03-03:00",
        "photo_url": "https://raw.githubusercontent.com/TrueSightDAO/sunmint/main/images/20260902_bomsucesso_tree02.jpg",
        "status": "LINKED",
        "qr_code": "2024OSCAR_CB_20260620_1",
        "submission_source": "autopilot-sophia",
        "pk_hash": "pk-JO8Ojv5JKf41",
        "program": "",
        "request_txid": "apLNA+U4JtD4QxEIToUaljI7YLbQAmBkuCne3Y+tjiNfxgZkMO6xBjFB2PKhmCekDDWndIKIXnMe5SlqM6x9uTq+o0C1RduCtzq2YA5plOlQyxNw9J3iGnsQw+sx0z+Rv3V1iHH092WdI9ToSfR59tXZRKAW2qmIzkguDQoRdCij2U0AepW1ipyMyyconZ+C/TidWY0ult3pqMyPC2CER/srhghZwNO8nHCWMERtDPN15rwj3yr5AUfRbR/bDWPCDrO4htYZvtu8/Uhad4kK8+f8zZXjCD5vFXskBgdCjbOtc+cBLFBGuJerTtEb7HsM7IStPtTxptvNuuLFOaAm9w=="
      }
    },
    {
      "type": "Feature",
      "geometry": {
        "type": "Point",
        "coordinates": [
          -52.094956,
          -3.094517
        ]
      },
      "properties": {
        "tree_id": "Edgar_20260903083528_005",
        "species": "Cacau - Hybrid",
        "last_measured": "2026-09-02T18:52:14-03:00",
        "photo_url": "https://raw.githubusercontent.com/TrueSightDAO/sunmint/main/images/20260902_bomsucesso_tree03.jpg",
        "status": "LINKED",
        "qr_code": "2024PF_20250505_28",
        "submission_source": "autopilot-sophia",
        "pk_hash": "pk-JO8Ojv5JKf41",
        "program": "",
        "request_txid": "WgCqvUkQbBtbU7CaEP31sv/QoTwr4yxznCK/GRn5x0kQIbT/pgDuJQsqWCOGhZ6cC4iMWr8ojGriijrEzMBmspPxerKnKN43zj8hqYtTHSpVYJbrL0DWE8fwpX/h1WkIUupZxHCdC2j5U+7W9qeYoKksbe4ZR7i8Zd5KzoB/4379KkgkfJD5Ci1mNT4097MfWMxs3B9QWNIDGN6b5oTnCiExJut6DvESrV0/jKa4PdbfgXUDBg7QmkDG8tRvKZ5vpV0FN+d+Ma5vQXbIfbCbGrjqC4Mdd7U4Q9B+sTrb4s4vys4kC1r4kbPkezLSCEh85U6FDp+gWzZvXh3SE7HIZQ=="
      }
    },
    {
      "type": "Feature",
      "geometry": {
        "type": "Point",
        "coordinates": [
          -52.094964,
          -3.094581
        ]
      },
      "properties": {
        "tree_id": "Edgar_20260903083532_007",
        "species": "Cacau - Hybrid",
        "last_measured": "2026-09-02T18:57:04-03:00",
        "photo_url": "https://raw.githubusercontent.com/TrueSightDAO/sunmint/main/images/20260902_bomsucesso_tree04.jpg",
        "status": "NEW",
        "submission_source": "autopilot-sophia",
        "pk_hash": "pk-JO8Ojv5JKf41",
        "program": "",
        "request_txid": "HJzxgxgVOP1iCMAZCJeno/fMooVx54Ywt7VIU6alFpIQfkYT1wFVSVzwkWN3FVIBJt5DgMSTfn0hhIxLH46jaox74V0DCiA/WQMAx01sprynnhIKWyScfm29Z7l6cHNhCBHnTY5322PQmsAKibrJdHHm+hzlJB7ZKYWD5UajalvRcluO5krdGEOksWkkGPiIDA2eLn+Jh+QOF0/AuwbbURr3AOREZULMQRHLOT6K3VLGU8qeTVbdd0IFsHH+e+4xF9iFgbRnZFh4vKwMNNKdndu2HR5fAHTPeioTUw2AN0Sy8tU+LuHYff69NF92UTppaSNuqe4+JjKFGWCU0gLiUQ=="
      }
    },
    {
      "type": "Feature",
      "geometry": {
        "type": "Point",
        "coordinates": [
          -52.095222,
          -3.09445
        ]
      },
      "properties": {
        "tree_id": "Edgar_20260903083536_009",
        "species": "Cacau - Hybrid",
        "last_measured": "2026-09-02T19:02:37-03:00",
        "photo_url": "https://raw.githubusercontent.com/TrueSightDAO/sunmint/main/images/20260902_bomsucesso_tree05.jpg",
        "status": "LINKED",
        "qr_code": "2024SA_20251227_33",
        "submission_source": "autopilot-sophia",
        "pk_hash": "pk-JO8Ojv5JKf41",
        "program": "",
        "request_txid": "dBXcU7upHr4GwIrTPFEm2wEkqnnhq7iRpZ8auc2hUISslZWLiIrHubaO7JpU/GDg0M7shiqi5SM8IQFp33ghxt+dKTClgZWYvTVBp6w8EiOZIEFTR6MHo/sf7c8vBC9ZEHEdlznEJfVYWNFK65bGasG3wI9jucmSH618ESFEkY5zfccorQarRD4rTP/Hb5T6InFHs1f4Rb9q/mPCV6235MEF8oL1TDAQ32ph2hm3PRHcoXPW0nGIo9H5Sd9kaDOo43RNUXmrwR0qtZZn/vEwgJF/pf96Uv48l77GbU0fWGLbJ90oqA6Bnt0xPDyy9hHfOdEMPaGIDwQrWllTMF2K6Q=="
      }
    },
    {
      "type": "Feature",
      "geometry": {
        "type": "Point",
        "coordinates": [
          -52.095136,
          -3.094183
        ]
      },
      "properties": {
        "tree_id": "Edgar_20260903083540_011",
        "species": "Cacau - Hybrid",
        "last_measured": "2026-09-02T19:09:55-03:00",
        "photo_url": "https://raw.githubusercontent.com/TrueSightDAO/sunmint/main/images/20260902_bomsucesso_tree06.jpg",
        "status": "LINKED",
        "qr_code": "2024OSR_81PB_20260412_4",
        "submission_source": "autopilot-sophia",
        "pk_hash": "pk-JO8Ojv5JKf41",
        "program": "",
        "request_txid": "NAxdp8ffzEO/vCm/ubD5s2TPsFPqhqHkR4XUnEEk9DY+cwZLBFbNYqHzpVgVcbeYQB5s1o5laDxiBhIZzw/+tfhEb5zkOZvLy13Ni06oGMtrxD4eQ3YWyXOEOO7AGotjQwpp6gelDpoe1JBfABiHE7Tn+dx5C3X8dqQ0c70+9pQyBJvyFl+2IDhVWxWb/W6wctS1OSMF231fwqal2Eng1rxsw3kLtIcd6BwA8pps7m8rayE8Tg3nbAb6cnMBRJSL3X8tqvzdJykhsmwKgnHP+6WdjBYgUydo9XnW2Dt5n+kF1oeLrnR49THkhxzpph668QXkcl6CE2Hp4+xM6t33MA=="
      }
    },
    {
      "type": "Feature",
      "geometry": {
        "type": "Point",
        "coordinates": [
          -52.094983,
          -3.094217
        ]
      },
      "properties": {
        "tree_id": "Edgar_20260903083544_013",
        "species": "Cacau - Hybrid",
        "last_measured": "2026-09-02T19:16:07-03:00",
        "photo_url": "https://raw.githubusercontent.com/TrueSightDAO/sunmint/main/images/20260902_bomsucesso_tree07.jpg",
        "status": "NEW",
        "submission_source": "autopilot-sophia",
        "pk_hash": "pk-JO8Ojv5JKf41",
        "program": "",
        "request_txid": "beZJds3IWnk4BznDI74bDHZiC+c5/QWeinxBkgdHg7Nls+VUrfHg5ClWqzG3XsaV0Zoiscj3FwA0Ao0/OU7md5p3EZBcULw8DrPKpWGFzxiKWhHT3DsIigBwlXw/l2OelN38mnB5mI8MSlUKPlmq/XSCTcz8orR9gwIP3uWuSwJAHJyWtBl+JhbDZxTXhZf+Cx2GlqgsZepu3UmWoKwOh7yttV+KU5b2IL4NuA9GmtF0nchRstxFOlDlvyQ2Ew6t71XfVJTqEpL3ZDvOMkTXK5UlWcS4uN2Ahro+r/RiFhkok5yoT/FopqrsQONGwqxEeaCokRt/KLG9AG2oFsLq7g=="
      }
    },
    {
      "type": "Feature",
      "geometry": {
        "type": "Point",
        "coordinates": [
          -52.095142,
          -3.094178
        ]
      },
      "properties": {
        "tree_id": "Edgar_20260903083548_015",
        "species": "Cacau - Hybrid",
        "last_measured": "2026-09-02T19:21:10-03:00",
        "photo_url": "https://raw.githubusercontent.com/TrueSightDAO/sunmint/main/images/20260902_bomsucesso_tree08.jpg",
        "status": "NEW",
        "submission_source": "autopilot-sophia",
        "pk_hash": "pk-JO8Ojv5JKf41",
        "program": "",
        "request_txid": "mUVSeEkXvKwaRaq3ajyuggOaGyO2NokqzhNRhmfuSqqY/wPdRnV9Yq4IR923/Ip0air5GjQ8LYyaqJ+c85xCDoJgNSZm92S9/8uKqe7uOmgmyQcu91HnDMgj+3znr5xrlNvy+wNYH1zUhleMjSAYSxJAOy8QAXeJLPysE4PdmR596OtqMcpZnkZ1M6V4Ao185ns29Xzz43uoF7S25EzP2TNxi/+aikAG0izSSzcT1eFqqejH3IcWkzybFRC0ssifc16UXD2lO5luhzLvnHfpbS5bFhGi+X6/cdp0M4jfa2Y8VH4kI6MOgaZepk+gdb+EFNGinjcAOrB7x/FQcAr64A=="
      }
    },
    {
      "type": "Feature",
      "geometry": {
        "type": "Point",
        "coordinates": [
          -52.096053,
          -3.094333
        ]
      },
      "properties": {
        "tree_id": "Edgar_20260903083551_017",
        "species": "Cacau - Hybrid",
        "last_measured": "2026-09-02T19:26:23-03:00",
        "photo_url": "https://raw.githubusercontent.com/TrueSightDAO/sunmint/main/images/20260902_bomsucesso_tree09.jpg",
        "status": "NEW",
        "submission_source": "autopilot-sophia",
        "pk_hash": "pk-JO8Ojv5JKf41",
        "program": "",
        "request_txid": "J8qx7p0iGSIjPbmdtGM3WTQfJ3T7LrkqDc42V9Qf/nvWCv6b/Z6YLAo5rL1Ag3jnWC9zeS555xiE+qXPjCPRFOO3Z8IRjaOsGsQEjHnHqEeG7Mn9nGAcsMiHlDBcLzO9vsPxF0l8fWooxo+37sPENSnJw5fuGV61b6eoW0sT6k16xgp5yeoWJsruZeZRExOg2PO+M+4jSkWUTq1jpmjZU58RDAPDezZiPHChEv7LZ4PkqatliGEISaSw6AyzsMTl49eH1l4DuZtd5SMOJKNZzh+jRv71FvIJ7541YLZ7eDdlAGp3qlLzm44eANWTelYFeAoxpThqluWyY8p97hzcUw=="
      }
    },
    {
      "type": "Feature",
      "geometry": {
        "type": "Point",
        "coordinates": [
          -52.095314,
          -3.094528
        ]
      },
      "properties": {
        "tree_id": "Edgar_20260903083555_019",
        "species": "Cacau - Hybrid",
        "last_measured": "2026-09-02T19:31:12-03:00",
        "photo_url": "https://raw.githubusercontent.com/TrueSightDAO/sunmint/main/images/20260902_bomsucesso_tree10.jpg",
        "status": "LINKED",
        "qr_code": "2023SA_81PB_20260412_1",
        "submission_source": "autopilot-sophia",
        "pk_hash": "pk-JO8Ojv5JKf41",
        "program": "",
        "request_txid": "A90QfT2/gPq7V53xyEylNSf+31DUxFEuIySBQ+X1X5p7Xm8Kz4jn68kNbCq+sQiYtGFxVHoXT1MGPW9PBjJSJDB4FMrzr96fythbcyWx54zrO5cFUHMbgwfQxf1Bg3cV9PKN2vR1KSLP8RmW+nQ1Yg2PvZuSZa8Py3yIR4CsHFrEz4w0G5QeffYMX0VcXrUSU6YlFsQlK45BGcVST9NdwRIwQhwpKkJG3W+9OH4qG0VpQuc8AGZPvwzVWWJ2OkqQ0dI2smjOkvSmEE3D4erkekvW/wkUWhimPGd7/RzUqz34q2gd/CeSPvyqnu2VnXGbk3ntwL7tfcyinRd2QBgVYA=="
      }
    },
    {
      "type": "Feature",
      "geometry": {
        "type": "Point",
        "coordinates": [
          -51.8517528,
          -3.3882278
        ]
      },
      "properties": {
        "tree_id": "Edgar_20260908005833_045",
        "species": "Cacau - Hybrid",
        "last_measured": "2026-09-07T14:34:11-03:00",
        "photo_url": "https://raw.githubusercontent.com/TrueSightDAO/sunmint/main/images/20260908005833_046.jpg",
        "status": "LINKED",
        "qr_code": "2024SA_20251227_35",
        "submission_source": "autopilot-sophia",
        "pk_hash": "pk-JO8Ojv5JKf41",
        "program": "",
        "request_txid": "hYXjtvnvLeemIMiUzytaTvFctNZPTbCmCb662q0awH9wR4rRgbWcoy8SUMu/sFwNzRbqYnZNJ3EzAJYGTOQ7mcNsuOiw5J15FdggzP+kUdOwHp0Vy8sq0m+HqjSv40scqWX4pywWIjPUX3pCtWLNIwf9YZdj6NuSJn5JeXmt5ey4KJ+9MiHEQHzOCGodK/xudZD9HqfEYFL5b6adfSkME9Wzq17D7P3Tk24lywin4cA76wCYJ8YvOgZ/eNJKYfdc1mNJ8cEor6BSN+s5Vs2jfewprEwaUioCepslBlFv/m1SCEnYfHj/LuoVZlT++HPXYkF+RYBAgIPF1mTScftCuw=="
      }
    },
    {
      "type": "Feature",
      "geometry": {
        "type": "Point",
        "coordinates": [
          -51.8509472,
          -3.3896833
        ]
      },
      "properties": {
        "tree_id": "Edgar_20260908005838_047",
        "species": "Cacau - Hybrid",
        "last_measured": "2026-09-07T14:46:17-03:00",
        "photo_url": "https://raw.githubusercontent.com/TrueSightDAO/sunmint/main/images/20260908005838_048.jpg",
        "status": "LINKED",
        "qr_code": "2024OSCAR_20250711_NIBS_2",
        "submission_source": "autopilot-sophia",
        "pk_hash": "pk-JO8Ojv5JKf41",
        "program": "",
        "request_txid": "HQW0BU97ltMtY4cVMZ/rkj4RtwMGutxRNgj+nEbWd2soMs3aNL+14CEM+QF4GV/S1HYM9sQaXY08ZT8e3gUNkpcJzujhdj6cRjCctm3qiJ1uI2Udph7eYzv0cNEHlRn+lBLhouVi2Qoek0Kp/rqsZgRxA3Cwg/88OBVBH/+jlOz2AuPqc3EEHUjCSDlqGLvfb9epUn6QwxMxWvNr+oZfbEEH97rX0cdFdoexHV92NbtnV9lZZkI2P0g2wxIqFj1PncHedttmoqb1IF+NuhditxzUsMzFgUMYzZz/cc2ABiaYgDTu9d0xPoogUCKUPCRsprJPJ4b5/fG+17lrcuFmqw=="
      }
    },
    {
      "type": "Feature",
      "geometry": {
        "type": "Point",
        "coordinates": [
          -51.8525056,
          -3.3899861
        ]
      },
      "properties": {
        "tree_id": "Edgar_20260908005843_049",
        "species": "Cacau - Hybrid",
        "last_measured": "2026-09-07T15:28:51-03:00",
        "photo_url": "https://raw.githubusercontent.com/TrueSightDAO/sunmint/main/images/20260908005843_050.jpg",
        "status": "LINKED",
        "qr_code": "2024OSCAR_20251020_11",
        "submission_source": "autopilot-sophia",
        "pk_hash": "pk-JO8Ojv5JKf41",
        "program": "",
        "request_txid": "jZCNUGq9NxWqjK8CTbrY3sUHtEXUoG2JDu2y6QmQXhIe/DCg8rGPJEJpGDEDIHmFORtIm5wYV8TEaZkc0+eMULsr3tK/Y0Y+PLX7cQ6oltt+fkdUAN5jRhNYUy5l5dx4pZazVDDOKXdTyCptyEV90ReJIPt1z2hFJF0HXL7p1SBolk/LbFmz+UUGHQcyDzYyjMOfd6XpXNjeYpxa7KnnR+UbE8sNtUxWZhvBjEo0vKbJlIGVv7csTIXyYdtNy+19UPVSJ2KM3Y7dZBle1iVxgYU0nq33ZHQk2u+tfhcem6oNz9rgImvjtqbkGFXbdpRc1yTJ88HIWdDJXuIarINrNQ=="
      }
    },
    {
      "type": "Feature",
      "geometry": {
        "type": "Point",
        "coordinates": [
          -51.8514333,
          -3.3879722
        ]
      },
      "properties": {
        "tree_id": "Edgar_20260908010203_053",
        "species": "Cacau - Hybrid",
        "last_measured": "2026-09-07T12:00:00-03:00",
        "photo_url": "https://raw.githubusercontent.com/TrueSightDAO/sunmint/main/images/20260908010203_054.jpg",
        "status": "LINKED",
        "qr_code": "2024OSCAR_20251124_13",
        "submission_source": "autopilot-sophia",
        "pk_hash": "pk-MuEevuZ_mnN1",
        "program": "",
        "request_txid": "ZB9TChnCQI5qQ5vJADbHw2yoB4TjUzKZklezNw6AsIFuStQYGCaRFaze3l9WNEsHjnwmRE1QSlFf8kuXHzvfARCufqw0NGQCMNNcIQTBU4Yp0j1mr/8Lf5nPMQ3GtKguhEizqlXYQ++CiWyPivwfI1GKx7hp0djlTGl0zVdhjwers4wKd47NgvKcvlL7l3BaDjBn8wXka73e7tvl0VnVjaRWR6zxc39k6glwgEK6FkejpwfoYHgl3EMb0E0+eM/fEaNxgIYlu5HO9onDMttMRAPG0MDbx1zVJU5tT2NNJzaA6hx0yIdqI/HBzSDU8xgcIiMAT5XOVm4vKrSBEFIcag=="
      }
    },
    {
      "type": "Feature",
      "geometry": {
        "type": "Point",
        "coordinates": [
          -51.8518861,
          -3.3899833
        ]
      },
      "properties": {
        "tree_id": "Edgar_20260908010207_055",
        "species": "Cacau - Hybrid",
        "last_measured": "2026-09-07T12:00:00-03:00",
        "photo_url": "https://raw.githubusercontent.com/TrueSightDAO/sunmint/main/images/20260908010207_056.jpg",
        "status": "LINKED",
        "qr_code": "2024OSCAR_20250711_NIBS_19",
        "submission_source": "autopilot-sophia",
        "pk_hash": "pk-MuEevuZ_mnN1",
        "program": "",
        "request_txid": "qBoub3PB4uarwh23GzBnekECOBHEHKxt5awBekXLsgm1v3clOljOuvDJclu4YAcPBbIS/RFRiMIHZgaX+PongrXkdwft/0DrafBbicMjd0+2QYj7ZhvgMBSasuu27bPcOggMajlhom+pmCxTO1yh1QysWj3REWzH7QYZtRAV4ekkjL5wnHRFsU2ECbAY9j1xwG2SFJDuKhsXvwI0DsF5tmSaRdccGXmH5wrrvQYr5mtHmu/uRHnP3NSpSTD4Xj/MNXvxh4DN8c5C8yZuT272/pQ4TFCv9GUWUWcfYWTZXmbJ6pz7e/i8H6xqy1c/qJfQVmRgBWs1CUKLORNiVQMrrw=="
      }
    },
    {
      "type": "Feature",
      "geometry": {
        "type": "Point",
        "coordinates": [
          -51.8519389,
          -3.3904361
        ]
      },
      "properties": {
        "tree_id": "Edgar_20260908010213_057",
        "species": "Cacau - Hybrid",
        "last_measured": "2026-09-07T12:00:00-03:00",
        "photo_url": "https://raw.githubusercontent.com/TrueSightDAO/sunmint/main/images/20260908010213_058.jpg",
        "status": "NEW",
        "submission_source": "autopilot-sophia",
        "pk_hash": "pk-MuEevuZ_mnN1",
        "program": "",
        "request_txid": "iC47GgkRoA7pq246SQ/mZxiQP18InSWGwg/NokFijIAujcohYpaNSLqr9ILbA6TxoeiIks1wV1qDAyi4TOICHpA2/rpkgey2Yp56LhMW4sZujdPLF6Kt5GQycj/XJTqE0jWeayTcCZ8381IWnbxyW/ePWdRsm8EMnfimzuGNURaK6K4l5zcfUvpmy0vTm1jEbWoILyC1E8bDdVF+chdrCNpWMN1Km2u/7QGBVlO/MydgVxpUVlzBMJ4exHMXQ27J1gSYW8wOZz0xJDJAHXCBVzav1jX+08gU/zjPtms/bf2z6KkfJ6CvNy+GbcjDhbX+AWBn4tw0Q4iUWqru6XaXyA=="
      }
    },
    {
      "type": "Feature",
      "geometry": {
        "type": "Point",
        "coordinates": [
          -51.8519667,
          -3.3904611
        ]
      },
      "properties": {
        "tree_id": "Edgar_20260908010220_059",
        "species": "Cacau - Hybrid",
        "last_measured": "2026-09-07T12:00:00-03:00",
        "photo_url": "https://raw.githubusercontent.com/TrueSightDAO/sunmint/main/images/20260908010220_060.jpg",
        "status": "NEW",
        "submission_source": "autopilot-sophia",
        "pk_hash": "pk-MuEevuZ_mnN1",
        "program": "",
        "request_txid": "Jp/kDTlIwXuA+VI1cGXXfZiVB7ijbwC6wqXwe/8xlVWH2K+12qh4CjsYuGjuW/5EkUTjMNRlT1xvolJLU6MoPp298/b+9sR5jeICGTqK2OoUZMSbJYv2lzq9inzM4sY4wqdeQ1fmPmI5cQsuUG9weMIVgODCD0lAHG3mC6lvTbOsIaLA5JSu54h9KY9wFF9/eoFVFu/hoC+5UmOfFxM09IsAtTe5oEh8LcJxDDGbq5dadeewmKspKpO++XGt/OxlwFXkihOPmZr8/uvKd+D4fhc8k8SERu546paKjMUTOWq5/+tnxib6EtqSnDHU0XIQ1RPdE+VC0MoBwSZBinae9g=="
      }
    },
    {
      "type": "Feature",
      "geometry": {
        "type": "Point",
        "coordinates": [
          -51.8524639,
          -3.389975
        ]
      },
      "properties": {
        "tree_id": "Edgar_20260908010224_061",
        "species": "Cacau - Hybrid",
        "last_measured": "2026-09-07T12:00:00-03:00",
        "photo_url": "https://raw.githubusercontent.com/TrueSightDAO/sunmint/main/images/20260908010224_062.jpg",
        "status": "NEW",
        "submission_source": "autopilot-sophia",
        "pk_hash": "pk-MuEevuZ_mnN1",
        "program": "",
        "request_txid": "W7P/NbX4vZwJ7Mjf13oQo3+fh+WpwjRlFOE6VO7HKz/xLaOIVgfXyTXs3Ioj0iZ0G/kjB+naybxSXrxq3xdGOyCkoNwzOTgE1dl8ZZL/ioF91WtkhTOeeQfmgCipBQpEgLmEdxwjpUeRyoMnMFaY/KKlyuJJFt+9MXURrczzXDScnWtEGXZy2SDNFW2BCoCiysaP9lk3ymFaXjoQKrc/LHmS71+TD4fogSaeTnzLnIPGjSwT25ZNKP0VYWGjydYxv/tATqaml+EgjmFbnfOydlh+fx8mUWVQjivxysSMGzfzFMnBcndKELwiHsv1cGg35eASiXD72GEkeaJZu4Rt0Q=="
      }
    },
    {
      "type": "Feature",
      "geometry": {
        "type": "Point",
        "coordinates": [
          -51.8524778,
          -3.3897
        ]
      },
      "properties": {
        "tree_id": "Edgar_20260908010229_063",
        "species": "Cacau - Hybrid",
        "last_measured": "2026-09-07T12:00:00-03:00",
        "photo_url": "https://raw.githubusercontent.com/TrueSightDAO/sunmint/main/images/20260908010229_064.jpg",
        "status": "NEW",
        "submission_source": "autopilot-sophia",
        "pk_hash": "pk-MuEevuZ_mnN1",
        "program": "",
        "request_txid": "X0D52sGE5kfyb6jVqpJrC/QJ69XOA1ab9zGFL2lW2R2nymhRyC0hz2ZTzzCmj5DVTVZFhjr2xS993gAMzuX/tBcK2K+bQA3G/buCGkfyrJSSGl0sUAFOBnaqiNq43nLkj+pcBehQk5vp69TzBg3DbmWScWW2ulnomC27ZDVAecJv15DJb0221xWIjQfRoC1ZkbhWf5e2Y1LY7H4HDPV1DaMxmKCSfGLCopiatpc6PXsXOg+kLtPCf54g8Xd+y5NoGhxZrudmP0OuAiPb164Za0P3EbHOjRfGmp2ysVX1N18wJDcB8fKhH7+EMX6Nt4Yri3TvHH0MBZn5CwLvijPV5Q=="
      }
    },
    {
      "type": "Feature",
      "geometry": {
        "type": "Point",
        "coordinates": [
          -51.8526806,
          -3.3896389
        ]
      },
      "properties": {
        "tree_id": "Edgar_20260908010234_065",
        "species": "Cacau - Hybrid",
        "last_measured": "2026-09-07T12:00:00-03:00",
        "photo_url": "https://raw.githubusercontent.com/TrueSightDAO/sunmint/main/images/20260908010234_066.jpg",
        "status": "NEW",
        "submission_source": "autopilot-sophia",
        "pk_hash": "pk-MuEevuZ_mnN1",
        "program": "",
        "request_txid": "LVxC50jTBdmKX5bMzWUa6EWWuvQWvlb1bxdFDDIpOfxLT3Xze89rFCe31e/uoj93O4/O+fnX4/LbNxxEd7kwzjOG5O4KNpB8MU12E6HLVGpB/dNOp/349M102t6HqA6Ppe1XTSIIbXT4cefsaPg+QHlrR505Fcj6K46eFqhnsL5HVdUibnUAAB0vG5NUsWZt7zbN4+cYc44Kjb3CJPReAh61I66agvunScAeciq5vDLkAVP8GWLGQmmOihaIJoJS/swV6AVjbYz8IL1lqljzOcIULEzoE2f9tsYYWwZTLKbtpmlc+yuuxTPqg4F7kMMuYbXdo1gi4PL9ib8pzU6X3Q=="
      }
    },
    {
      "type": "Feature",
      "geometry": {
        "type": "Point",
        "coordinates": [
          -51.8525472,
          -3.3883694
        ]
      },
      "properties": {
        "tree_id": "Edgar_20260908010239_067",
        "species": "Cacau - Hybrid",
        "last_measured": "2026-09-07T12:00:00-03:00",
        "photo_url": "https://raw.githubusercontent.com/TrueSightDAO/sunmint/main/images/20260908010239_068.jpg",
        "status": "NEW",
        "submission_source": "autopilot-sophia",
        "pk_hash": "pk-MuEevuZ_mnN1",
        "program": "",
        "request_txid": "OVLBlvz3LbsBMwUPX9RyN8I8zcOQhJTioLKugR0AaZZFDcyrkAK6405r2KpTwCyLf1IXzIISXJVrm9trZEc4SD9ddYGbD7DejDzZJe08EYRLwUPjfsed4tMgYESeAoKMvez4TRQHZNUzhY8m+KWK2ntBb/iCWk5rS2Y7odPs/6MwEVTWRkEq1yXrA1DT1L9VJuGvY0TahtYP/rDEHcVCvoUjri8Bcya2aSM4yGhzsGPcGVAdODbTOb2DTJYevZsZOOeOvxKwlQxI+ggCr1p1LSEM1/FLfE3LboAeljcNWLnB2pjrHhtC1th69nwutT0/7pX+K0MVIvHDFPLgP7FfIg=="
      }
    },
    {
      "type": "Feature",
      "geometry": {
        "type": "Point",
        "coordinates": [
          -51.8522139,
          -3.3884028
        ]
      },
      "properties": {
        "tree_id": "Edgar_20260908010243_069",
        "species": "Cacau - Hybrid",
        "last_measured": "2026-09-07T12:00:00-03:00",
        "photo_url": "https://raw.githubusercontent.com/TrueSightDAO/sunmint/main/images/20260908010243_070.jpg",
        "status": "NEW",
        "submission_source": "autopilot-sophia",
        "pk_hash": "pk-MuEevuZ_mnN1",
        "program": "",
        "request_txid": "oEPgjsfWjN4IzPkHn2suOUwMGI8MvvTGCk1XjpGDi3aKgPx8W1gfC5jEdJOlhgaQaaRIeK6xSn6mj7EW9cP2zBrkmvTPmcp3MhR093nZQFH3Qy5Q49DBv+Ijj/VZuYG84x21VwhArzbxyrv59apRfWOeTdlat6FNXlHXgqXdEu8QDcXo9Y87flatNJDUja37kyUXarhs02FCyiFmKHNoxn9MOx2NZgJv3gTZm/YANhVc47SPERpd/oGHSNohEDcS02q9kcZGVePS4YTx1ekPo5MP2okZS6OAytOs64GfWj5+TJMmhOx95MBMYIyUozOpguPi/iBOPY1LNO6u3Dj01A=="
      }
    },
    {
      "type": "Feature",
      "geometry": {
        "type": "Point",
        "coordinates": [
          -51.8524556,
          -3.3882306
        ]
      },
      "properties": {
        "tree_id": "Edgar_20260908010248_071",
        "species": "Cacau - Hybrid",
        "last_measured": "2026-09-07T12:00:00-03:00",
        "photo_url": "https://raw.githubusercontent.com/TrueSightDAO/sunmint/main/images/20260908010248_072.jpg",
        "status": "NEW",
        "submission_source": "autopilot-sophia",
        "pk_hash": "pk-MuEevuZ_mnN1",
        "program": "",
        "request_txid": "pnmDBIsP/iI3RrdbMoOGbvfguAr6jdfgjfsx9zFzulZuH1F9ADRtM0IY0i5zGoP7ptSp6TfK/Kw86YgIQgwtKauxqkdeaOO8bwc4Ik4roVruWVuc2zlcaUI8cZ2lwHE+zWfl4DuNsyK2znXiLDOppItMXXvf0Aa9pPL9DSV+ukPeQlVRMdUEmUHfP2klP41xhJAI6NY4AWrfFP6VB4HWatMiEVKSVCGmeNqlyJlxKQzm6Ns7+ykjnRbTbCed4M3xz1QFxGYX4DBTj3+0Wrb6r7y3m5P/SgbplOGl3DqaqjTu9JuUcyqC8u61CdqNAXuZi5H8KiCw6ESYm9wYAMpPhg=="
      }
    },
    {
      "type": "Feature",
      "geometry": {
        "type": "Point",
        "coordinates": [
          -51.8522917,
          -3.3882028
        ]
      },
      "properties": {
        "tree_id": "Edgar_20260908010253_073",
        "species": "Cacau - Hybrid",
        "last_measured": "2026-09-07T12:00:00-03:00",
        "photo_url": "https://raw.githubusercontent.com/TrueSightDAO/sunmint/main/images/20260908010253_074.jpg",
        "status": "NEW",
        "submission_source": "autopilot-sophia",
        "pk_hash": "pk-MuEevuZ_mnN1",
        "program": "",
        "request_txid": "EyO1rHkMhDVkq2cuDzcamcHpP+9/o29CyGYROd7nVpG57P2e9Rndj9QHkz8K9rOU459AJ2oQHeITiPQbKPNkUuXuvg015zNwWtW/G0Gb8XvsRHZ7QO7WW/k3CSWsLBsjqK47EV2L4eABbQCXXen4UKF4mr0fpFwa8W6pEb7Gw7+ulKQI4T8Kpp9hamsQbbJgOatd8qDgag6zChOHkJOQdWCsae5qLMviCt7cr/0ppNy55aNvIHaVHUz+hQbYsg4JCMX5yb78QCJScSdwzbWLSjCM2VqmrwXnl/dQjMq4JcoaJp/9qSil4FJOLIdJ6xjyBE2hKnxNZdpDzQZ7dh+HuQ=="
      }
    },
    {
      "type": "Feature",
      "geometry": {
        "type": "Point",
        "coordinates": [
          -51.8524583,
          -3.3882333
        ]
      },
      "properties": {
        "tree_id": "Edgar_20260908010257_075",
        "species": "Cacau - Hybrid",
        "last_measured": "2026-09-07T12:00:00-03:00",
        "photo_url": "https://raw.githubusercontent.com/TrueSightDAO/sunmint/main/images/20260908010257_076.jpg",
        "status": "NEW",
        "submission_source": "autopilot-sophia",
        "pk_hash": "pk-MuEevuZ_mnN1",
        "program": "",
        "request_txid": "nkdntjszG502ws4jcuk/DB3Nv5+UGdw5D3vkJiEj2Bl85QLAy/4+E2Tr4GXlyyw1OV68PYOABxCFQNYN9urto7cI25vRRVjtU3ya+js7dGhn40uibrmy9eKowsm98Hz9pPUw77sf3Gq07sVdlJK1y8T9uLgBPKFITbBPA634VTc9OzUh1GLQKDKKEgdluToCw5P/K9BAWOUEyzpQA70AK+8sJLIU0a3QiobaXVNDoTOHDB6ackL0etWgd/TyrBsIeS9Sbzc7FRqj/Iyvu05wYd03JCFSwfC/frnemoLwsVScB0g6lbApXt0jSW1fnDf2EPXggZ+gg08fsvuZBzZ7VQ=="
      }
    },
    {
      "type": "Feature",
      "geometry": {
        "type": "Point",
        "coordinates": [
          -51.8524778,
          -3.3882139
        ]
      },
      "properties": {
        "tree_id": "Edgar_20260908010301_077",
        "species": "Cacau - Hybrid",
        "last_measured": "2026-09-07T12:00:00-03:00",
        "photo_url": "https://raw.githubusercontent.com/TrueSightDAO/sunmint/main/images/20260908010301_078.jpg",
        "status": "NEW",
        "submission_source": "autopilot-sophia",
        "pk_hash": "pk-MuEevuZ_mnN1",
        "program": "",
        "request_txid": "iDvCAr9wjUKVQqKzdQj2KXiXSELt0D87xpqp4iuKtXQgDcwE7GQzw74IaP0OZd5QxPWJPVnuliSN27Zi9SaZvvJWMJaWNPbQKF3gxv4xmNnJVj6jjDUmua+wBmuQW6byi9penpDdbQjbvWbGaO2EVsyfGpfN1XT7s3RlL0JQTnLMR1lOE4M47SBmvqes3tTXuqg73CPdLFqt182HpF1iIc6hlgluhPDyv8XIlZdv8SstA8FUxZ3/28351ejYXPZv2aHpgB86M05UGyaxzspihiv7Q9P8GUBtt2DQfixiVB4rYQO7lfXMdGwfcqMxoLp9YgNyxH+kddvvL1SeUIcyWg=="
      }
    },
    {
      "type": "Feature",
      "geometry": {
        "type": "Point",
        "coordinates": [
          -51.8509861,
          -3.3896778
        ]
      },
      "properties": {
        "tree_id": "Edgar_20260908010309_081",
        "species": "Cacau - Hybrid",
        "last_measured": "2026-09-07T12:00:00-03:00",
        "photo_url": "https://raw.githubusercontent.com/TrueSightDAO/sunmint/main/images/20260908010309_082.jpg",
        "status": "NEW",
        "submission_source": "autopilot-sophia",
        "pk_hash": "pk-MuEevuZ_mnN1",
        "program": "",
        "request_txid": "FsogWPztbxqvsl1FISErpyrv89Bgd9lvMwLS4C5UtSBKjlyX3Yu6x1PysOINkBzyLeKmTR5TMjPxE0KJ5VYuMVJSVARzlWOE67SP8zLTRS/P1AjxKeBSn27+xpOUCZU8c5Va/2f+4NrTqn9vVXb+su8zOV/Yq7bz33rpCJSSb0Urz4Ex34RV3nvFu1QVwjx7Xty5eOzZObZRmC7vrf0D/73jncolVVmxl98sksbIuJ06Lh6kL43zP6mc0DltqLXSUeKFPh5n1paoOtvCk6S6zLrZg929+AaExJpMMqJ1XBWoBbmti3pGf09J9sUF7c8UmpMpzFFXrswo3gN9H0ah2A=="
      }
    },
    {
      "type": "Feature",
      "geometry": {
        "type": "Point",
        "coordinates": [
          -51.8509222,
          -3.389725
        ]
      },
      "properties": {
        "tree_id": "Edgar_20260908010317_085",
        "species": "Cacau - Hybrid",
        "last_measured": "2026-09-07T12:00:00-03:00",
        "photo_url": "https://raw.githubusercontent.com/TrueSightDAO/sunmint/main/images/20260908010317_086.jpg",
        "status": "NEW",
        "submission_source": "autopilot-sophia",
        "pk_hash": "pk-MuEevuZ_mnN1",
        "program": "",
        "request_txid": "IbLPZthyCF5whKL2Kw+Wj3y5bZijXa2f2+/wR8koacDbJHy/hlB1AyVVchrv9+aO0VUToC+iLz2cz31wTHERJ5m2rahb4cc0s6DODbXJCIMWj/lvR8h51uKv3CWX6h7q2t1B93AI0Rish8NCDUiGKAjzcix/UGAUnOvPAT5KgogvhbGuox+zRSgXj+Af3QeO78Cc2vmbNbRcDoTHTArM34jEdZ8sLtt7c11yeHYwcfnp3eUJPSNyjacheX3czqcFdl8Kmz/t5DUNf2h1j+1hSZovDSjV+stTr6AUIbH50kmwlyE47Yaf6sGHHhzBPA8JOK0ogRaBT4yCs+5yHwVKTw=="
      }
    },
    {
      "type": "Feature",
      "geometry": {
        "type": "Point",
        "coordinates": [
          -51.8509444,
          -3.38975
        ]
      },
      "properties": {
        "tree_id": "Edgar_20260908010326_089",
        "species": "Cacau - Hybrid",
        "last_measured": "2026-09-07T12:00:00-03:00",
        "photo_url": "https://raw.githubusercontent.com/TrueSightDAO/sunmint/main/images/20260908010326_090.jpg",
        "status": "NEW",
        "submission_source": "autopilot-sophia",
        "pk_hash": "pk-MuEevuZ_mnN1",
        "program": "",
        "request_txid": "dcShdpn0/Z7shksBulJWUyck6WbBcokrRYxFMDRYT8ZCPQMa+fcjnGnCZPNP0La9mOe5QODMdro8xlBH5h7C2loECg+zXPqD7Ar+w0FscekGGHLpz69TxmsGGUdoPqEuWyktu3gHlNFmcj4JFzTbC6HZo9MaWuYJNa4sQbZv3jOt4nFyqCrCYfrCABbGr9fHoYpqRBZc0Dt2wlKVbAUDaP+pW1cnUV3G4aHotS9xQ8t1tJsf7xdm0MQWDLAE/gwgK2+5an7YNA4aVi4q+yapAizwWB/LOhhpnZP8xRZ0ucDsrC5laK1Ns20mNBz0IOFgYtKpO9dGnwuTO1rInt+0lg=="
      }
    },
    {
      "type": "Feature",
      "geometry": {
        "type": "Point",
        "coordinates": [
          -51.8509667,
          -3.3897306
        ]
      },
      "properties": {
        "tree_id": "Edgar_20260908010336_093",
        "species": "Cacau - Hybrid",
        "last_measured": "2026-09-07T12:00:00-03:00",
        "photo_url": "https://raw.githubusercontent.com/TrueSightDAO/sunmint/main/images/20260908010336_094.jpg",
        "status": "NEW",
        "submission_source": "autopilot-sophia",
        "pk_hash": "pk-MuEevuZ_mnN1",
        "program": "",
        "request_txid": "IuyTnkA0mX/ekYIhj+UQgw8D5C0L9nQ2FUU8VD3EVdxH8jGuaq9O+RCBGGxFJlFd3wr8vtcEotRGqTDT1ePDCZk3XLV9dmLQi6JdadEBQbu7UZyny4PVN4s9lJttxzBfSm1w3KhUS2U7idTd7my9l5xJo7oRNya2wioBykk3I8xe+y3LRjJVJFljM/zvFJTwr8CcAkEyCCr/v22ZYgPxHF1NNtSZebVR4eyIlEL41BrKF8XKhw89lJsfwPAJPbxyF326wZIU9kxpDZ3y6gyOV/3Sv7A3AOxxfRfi4hWhGHrYYAq/JcFOziBlZzetF/t+tn74Wp4GePR+ySSM2PNozg=="
      }
    },
    {
      "type": "Feature",
      "geometry": {
        "type": "Point",
        "coordinates": [
          -51.8509833,
          -3.3897222
        ]
      },
      "properties": {
        "tree_id": "Edgar_20260908010345_097",
        "species": "Cacau - Hybrid",
        "last_measured": "2026-09-07T12:00:00-03:00",
        "photo_url": "https://raw.githubusercontent.com/TrueSightDAO/sunmint/main/images/20260908010345_098.jpg",
        "status": "NEW",
        "submission_source": "autopilot-sophia",
        "pk_hash": "pk-MuEevuZ_mnN1",
        "program": "",
        "request_txid": "Pl0enZDUVuozMrXNkf+MPGzm/WPNwDB/Jvu6HQlUULAUzfqvhi37qMgZGF27ExTQsDv/FXrvDAjKuouyCH7WzKAAHWL0naTMcgvgz67gPeJNpNfIZGfuiZxr4vF2NRdbTbX66A3/vmtvn3MEhOXo5Tuqd0LQMNn2ZGCI0dYf0Syy2C/A9vUW/9fUpLMXwzSNvtNbrSGnDZdEo+5Fyv5iJM78NhejdEepOX38qqzaWa/cMIBd4OWU0slVqbNmj4P2Uup/FdFV/nUL9l28o2A1EUg0CWWts4E86p+aGZBAD2U++pZBUMk6ygMynA84CoZkt68TcBgpZl41tA9ElBEf+A=="
      }
    },
    {
      "type": "Feature",
      "geometry": {
        "type": "Point",
        "coordinates": [
          -51.8510333,
          -3.3897139
        ]
      },
      "properties": {
        "tree_id": "Edgar_20260908010354_101",
        "species": "Cacau - Hybrid",
        "last_measured": "2026-09-07T12:00:00-03:00",
        "photo_url": "https://raw.githubusercontent.com/TrueSightDAO/sunmint/main/images/20260908010354_102.jpg",
        "status": "NEW",
        "submission_source": "autopilot-sophia",
        "pk_hash": "pk-MuEevuZ_mnN1",
        "program": "",
        "request_txid": "DfBpPNnn2XE77/Udx5q8jQajDVJh9EVddfVb/+5TPW8MS9/w72gqNFJXUsa5kesBhBcI2MOp3iNo7O/y9OT1JYJkrEMVhwcrP+2Mc/hBW4iMafjLcBW1RuWTSjGPCh8dbHkKSxJ12fBrfocsZVPrOsaDH0DNiwWRotDXe9jeK/fRT2TEp9szfbEw/YhtGTLERvuWCN49ge70DOuZWlfCAqQJUo14XuWyNqMwrGzq1muIGfc2siq6EJnvoDNQtDvtObpT+zEkRSnCe8pj38oz9C7VY6PBtc9OF4W28Ly1cRPNBTlvxqpK5fdxYXjXVrKchwZvR0mTgs7CP2G7q/ayUw=="
      }
    },
    {
      "type": "Feature",
      "geometry": {
        "type": "Point",
        "coordinates": [
          -51.8509833,
          -3.3897472
        ]
      },
      "properties": {
        "tree_id": "Edgar_20260908010404_105",
        "species": "Cacau - Hybrid",
        "last_measured": "2026-09-07T12:00:00-03:00",
        "photo_url": "https://raw.githubusercontent.com/TrueSightDAO/sunmint/main/images/20260908010404_106.jpg",
        "status": "NEW",
        "submission_source": "autopilot-sophia",
        "pk_hash": "pk-MuEevuZ_mnN1",
        "program": "",
        "request_txid": "dtGzhgmhHOb0cXLviadIhyKI1m4onLmPYZot7SouEn60hh+QRnCD9wkwjMC4PAPx8550Vp1UH10w/jmyLxUHoxYHoS7re4AAL4Q58QPfAL16q319FOM2elshKqXNJ8Ddg9a4NOaqnoJ5lb+0WA7GguiVIK/yYkSY/K4NVK73yT4ghSH329mQd43qajJmRHlOsFXJY/QwIc3imhiyHbydisL6+Zt6d0cHE29kEwlVNAfCE2MDGdl5WJ2ASxVyPZPEJ9IMLL3UIuvKXRvwS9pkxf6cdT/YX2HIqFh8bPFzzNayIyxKQ1Mh70VhmaeGgCnkyYPRUD+8GGd7qX6oXWip8A=="
      }
    },
    {
      "type": "Feature",
      "geometry": {
        "type": "Point",
        "coordinates": [
          -51.8509611,
          -3.3897583
        ]
      },
      "properties": {
        "tree_id": "Edgar_20260908010412_109",
        "species": "Cacau - Hybrid",
        "last_measured": "2026-09-07T12:00:00-03:00",
        "photo_url": "https://raw.githubusercontent.com/TrueSightDAO/sunmint/main/images/20260908010412_110.jpg",
        "status": "NEW",
        "submission_source": "autopilot-sophia",
        "pk_hash": "pk-MuEevuZ_mnN1",
        "program": "",
        "request_txid": "ZissdT9UZtNu3u9CsfOMz7CEpJC0BWWOz1WEGWEGxCUQj3YrAbeP+QDNmzrZcVlI0Kyh95atoqCo7JSAXwI6I1+PojNHltQD8ab96E+8Hl1oa52+mplo2ST9wLUwKl7eLzL1JD+oIds7xs/Z7uy7Yisq5+nANTnMwjISQvuZ5N4dK1jvOfjs5XbxFlljY/9L3dh628yHNgSZ0KjhiZYzaNlMys1tUNv4SNPZRk0dIH380O+3EA/ORERh8l+QXrCMeBqfnfDwS184Ehwqdz4OekE9q9QgMVlkRyXBchPDrRedazkibIH5Yk5abKxbwSVLoH0MZAoIWdRd4vNuXp6WYw=="
      }
    },
    {
      "type": "Feature",
      "geometry": {
        "type": "Point",
        "coordinates": [
          -51.8509417,
          -3.3897722
        ]
      },
      "properties": {
        "tree_id": "Edgar_20260908010936_121",
        "species": "Cacau - Hybrid",
        "last_measured": "2026-09-07T12:00:00-03:00",
        "photo_url": "https://raw.githubusercontent.com/TrueSightDAO/sunmint/main/images/20260908010936_122.jpg",
        "status": "NEW",
        "submission_source": "autopilot-sophia",
        "pk_hash": "pk-MuEevuZ_mnN1",
        "program": "",
        "request_txid": "qRnKW6pf3Amar64wvYZqEJ8Gsf9vuoa2kcir82xoJxsigFUZHmjyA468yMSkfwcmXO1/SzYvlGjj9xNXqT8h2iCZfkBCnKy39t1NZEZVAiKSvy53Uex7fjhwVxfOD+YC1kGFu04S66CzDnUF/l9d4r2yjvI6vhn9zTr7InYOvxQ8FGA8z9Ybb5YWLJ6ifm8S4NqBAW66yRV1heLjW0de8hqLeCn0epDMFtmlRqX63+Fr820NDlwdVa/6rrnHsRsu3hKe2uvapF7/PFTuQENXz8GBK1boSUlU6UudOIaKEqqI53efJgyUNVnq0niVwuCJUzrsOXWHTYChdPMtlCEy1Q=="
      }
    },
    {
      "type": "Feature",
      "geometry": {
        "type": "Point",
        "coordinates": [
          -51.8509333,
          -3.3897444
        ]
      },
      "properties": {
        "tree_id": "Edgar_20260908010940_123",
        "species": "Cacau - Hybrid",
        "last_measured": "2026-09-07T12:00:00-03:00",
        "photo_url": "https://raw.githubusercontent.com/TrueSightDAO/sunmint/main/images/20260908010940_124.jpg",
        "status": "NEW",
        "submission_source": "autopilot-sophia",
        "pk_hash": "pk-MuEevuZ_mnN1",
        "program": "",
        "request_txid": "M8I7w5WS1UZWYjawZOIyEfNArGncGOspD5+ZO4sNubgG2OyhOxm0huipoVYDbZAuU1jnfh9eGiWJgZNW2FXdARgIbk/MwWS4iTsSNrLEcjl+Bp9eoJeEG9nKFx88fHbAN+lJPM+m4/vZ5p6XqfXVUWlLNcCOvrtZ+idBdzC6PY8WtX/Hn60fBJ6WgOw15oOlR5Wh0Fd5ZgqlyXB2g+ZnJp8oQv4ALefeG3JH8RHUsTNOgrcdKcq0NwvvqXLg99F2cqb7XzSSt31xt5rF6Yg0F3q37U1+k0S3X0ICoUYMFa95VFm/IaF7cukWi4zVTn0Lzt2VMPUNy5O7pQsinjx/vQ=="
      }
    },
    {
      "type": "Feature",
      "geometry": {
        "type": "Point",
        "coordinates": [
          -51.8509056,
          -3.3897361
        ]
      },
      "properties": {
        "tree_id": "Edgar_20260908010945_125",
        "species": "Cacau - Hybrid",
        "last_measured": "2026-09-07T12:00:00-03:00",
        "photo_url": "https://raw.githubusercontent.com/TrueSightDAO/sunmint/main/images/20260908010945_126.jpg",
        "status": "NEW",
        "submission_source": "autopilot-sophia",
        "pk_hash": "pk-MuEevuZ_mnN1",
        "program": "",
        "request_txid": "UQeTOxNEenPUAnWSBs3rymrGN42TKE+IQlDStVb03Wucf0tsTO0w0IMGzw/oWi3IDgHylYH2HDi1uDn87otbkFfc0FaUY02+p7lGvguL/Nm3ZmCii7iTt5YZ1+a2U7lciCLEuKgbXghDO/QbwM3h+G4wfiTSaA5DS6aza5mMSUPiqJgfewIxJVFIu+XAfq10l9MY5Kx2F3jqZWFUR6DU58KkhCzATlXu8s9tJKk3jkcMS5twHc9Na3JUHtUyxGCrlUqIPKU46qsaI2Y0rrMGA3cFHlW1u51aZ3NsLaiTCn+5AMTa6ocadI424YOrKAmPgtdl0iun4qfxXPz6j05hwQ=="
      }
    },
    {
      "type": "Feature",
      "geometry": {
        "type": "Point",
        "coordinates": [
          -51.8508861,
          -3.3897806
        ]
      },
      "properties": {
        "tree_id": "Edgar_20260908010949_127",
        "species": "Cacau - Hybrid",
        "last_measured": "2026-09-07T12:00:00-03:00",
        "photo_url": "https://raw.githubusercontent.com/TrueSightDAO/sunmint/main/images/20260908010949_128.jpg",
        "status": "NEW",
        "submission_source": "autopilot-sophia",
        "pk_hash": "pk-MuEevuZ_mnN1",
        "program": "",
        "request_txid": "d2AdTkbjKsbuLuW1u787vLBh3wV8VGofqSTy9HWVQWw8apWFVcziJT0kbcpWMn8cdxmV3WVPV0s8EuOa8xeqLpgvLv4Vxcd4oFNnWD+RDsIKDuTcQoZSK3PvuHyE1jYm3MzcdefcGWRdfBWcnJ7XEmTtClUHPz0sju2AK9AY2IDoZZ8g/giGAV0jmEts3xrFGgf9qmIFDThf3PA5vc13gJD49tG+ZMfMCFIqj1xYWxoHcnVg3D4WH66EmT5PavwBPly9hW8dmj9wLuUohwTYqu1bWiNWa6imGrbXq+Dye1/yE0yOc0MTiCN+aq+DVp972ycpxqkqq4myL5MzyUi8+A=="
      }
    },
    {
      "type": "Feature",
      "geometry": {
        "type": "Point",
        "coordinates": [
          -51.8509167,
          -3.3898
        ]
      },
      "properties": {
        "tree_id": "Edgar_20260908010954_129",
        "species": "Cacau - Hybrid",
        "last_measured": "2026-09-07T12:00:00-03:00",
        "photo_url": "https://raw.githubusercontent.com/TrueSightDAO/sunmint/main/images/20260908010954_130.jpg",
        "status": "NEW",
        "submission_source": "autopilot-sophia",
        "pk_hash": "pk-MuEevuZ_mnN1",
        "program": "",
        "request_txid": "Q0Kjgx5wsbV2hr0hG2UAEILBtYpa0x8r5FwqmtJqtndiXHVqvdv8ztKOb6Tlc+O5uuwdHWwQ6bG8ax+1SACGCLDapKK//YP3JGuz0BHDWQfwZQQLgGBFYjP2iqOcub16eKTHoMNKdBcSeChaFDzVxDGv4jL17CnG8fpbFz4sA0VnaHrOwguQDk8n38/LVuSBnGRKDu8Ns5pR2qNYLWZRSK6KF3CJPfMb/pTvyZlwATmkiUrZf7JYk8pI1MUlfIrM79qKUIHbg2cy7u+3XnZzMTHyNSBNXrxQJyZkGjvE1XEdBuJrN8oIj4AIaNr/zFBB8cT6Zaq/PR7V1WO6horecA=="
      }
    },
    {
      "type": "Feature",
      "geometry": {
        "type": "Point",
        "coordinates": [
          -51.8509556,
          -3.3897972
        ]
      },
      "properties": {
        "tree_id": "Edgar_20260908010958_131",
        "species": "Cacau - Hybrid",
        "last_measured": "2026-09-07T12:00:00-03:00",
        "photo_url": "https://raw.githubusercontent.com/TrueSightDAO/sunmint/main/images/20260908010958_132.jpg",
        "status": "NEW",
        "submission_source": "autopilot-sophia",
        "pk_hash": "pk-MuEevuZ_mnN1",
        "program": "",
        "request_txid": "hdkAQ9N9D4t44UlAR63F1TuHrn/TFOQMEN7329giaJDUtsyZMu8xZ8YeGDmcIX/oCC0fsti62dbszklHdx+QzHcEog+0Zra2NEZCWL5d+lWOMcYd9d80tTUGK7U2k2ujBSm1kWKR/S1XAGvC6QGTwaVKoxQ8xdeL1qR+ElboWDRdBHouu2I7Qd8yjQazIbRTczocD5K3BYFymLz5bxluVqNIQ2XDTLi+l26kCEBejP/9oUyDav6B2LBDFYhZO9LJQg57eCQurqD6gfl3eJO7vTfOrcnTsDa0AL+olWpJdmSNiF6CIDfkI9kr427C9kyeL+n+YiTAIoHQupeNLAqyeg=="
      }
    },
    {
      "type": "Feature",
      "geometry": {
        "type": "Point",
        "coordinates": [
          -51.8509833,
          -3.3897972
        ]
      },
      "properties": {
        "tree_id": "Edgar_20260908011004_133",
        "species": "Cacau - Hybrid",
        "last_measured": "2026-09-07T12:00:00-03:00",
        "photo_url": "https://raw.githubusercontent.com/TrueSightDAO/sunmint/main/images/20260908011004_134.jpg",
        "status": "NEW",
        "submission_source": "autopilot-sophia",
        "pk_hash": "pk-MuEevuZ_mnN1",
        "program": "",
        "request_txid": "Z3FHvzNW+zy2MhZiYgvi/GlA3NjJkRqv+tzEi6kx0UaBOJM6c1mkXIgXcyamUcrkX96pXxWc0AZ7NQLvuXk3ZWi/lt8gicK+LDZ7+9TT3elXiUahpiOgwmsrvTrSXcrRbmzMLWTsMB2LXQeUtnPuyQJGSsxolYXfZSa9cHAaSgDHsAfmv+4jFUSN43zejMJ7wd2rhOxdNMVLgtTmtV1RGC3aR4dV30e/wSUkoEizC0XYOb6v1nF83kin8qkagcUbLubl4PQzxfnK/o746OM6kCndsKQMR4k7fRPLshG5Za/wlDwwgK07nKaPNgt0VuFeScjdolWIe/n2b/LfI/BRcg=="
      }
    },
    {
      "type": "Feature",
      "geometry": {
        "type": "Point",
        "coordinates": [
          -51.8509778,
          -3.3898167
        ]
      },
      "properties": {
        "tree_id": "Edgar_20260908011008_135",
        "species": "Cacau - Hybrid",
        "last_measured": "2026-09-07T12:00:00-03:00",
        "photo_url": "https://raw.githubusercontent.com/TrueSightDAO/sunmint/main/images/20260908011008_136.jpg",
        "status": "NEW",
        "submission_source": "autopilot-sophia",
        "pk_hash": "pk-MuEevuZ_mnN1",
        "program": "",
        "request_txid": "RYRRCYdLSzLkly344cN2nacWV0k8WO/2YbdECx+OJ0hyHDwoWxx4jW6mWjYQdHIVBIeXJJRMLpHD2QXCMisvfAdz1MIo6v5V6TjQbP3t4vnNMLfdduY86GxI2Ct6jF3rmBXqK7ZrnNG0vs5R+BLSuefR23XaW+xiMlG8/WRo/JGW1YInKOfmz5/vIvprEX4/DaLYV7RL5DTXusVZqEVDT9RuuKhidWosSnECtbH/0rWLCvtmJv6xd3YpyGNcbfCdlgiZ3IIwHtq4aVoz/hknLQ3valIyAY1qMnirYgV+z5xev8CP2BQgtOjKfMO2gEWo9/k4Bjx3D3QxuBAoTYWUUQ=="
      }
    },
    {
      "type": "Feature",
      "geometry": {
        "type": "Point",
        "coordinates": [
          -51.8510028,
          -3.3898194
        ]
      },
      "properties": {
        "tree_id": "Edgar_20260908011017_137",
        "species": "Cacau - Hybrid",
        "last_measured": "2026-09-07T12:00:00-03:00",
        "photo_url": "https://raw.githubusercontent.com/TrueSightDAO/sunmint/main/images/20260908011017_138.jpg",
        "status": "NEW",
        "submission_source": "autopilot-sophia",
        "pk_hash": "pk-MuEevuZ_mnN1",
        "program": "",
        "request_txid": "MGV4uFO/Vjn12XSjrnxJILHx8cLmkHoRBW8foKg1/G1hOqWYKC8BRaVkPmbTsQn6RaxGoIqKkgnrk6GfZasD99avaFrOwKR8M6NqSL8EPth8E0YejC97kOXtS5uCTx2Jp5n+Go2STYXNxjvMw6JkrKXDk3CAQTPDWD7Y17FUvclsUI3gwEH7felte+CWOtQDIU+/Cp8BMziZyJc2/3jzSrWVTV6zaSJDiIg6T/jkWgKS9WeIRh4EoAiJzzKja9oUJAhtsxeloKEU7p/NfnuFxm4ublPZa38ZI3KD5GJlh7W1FB1wW+HGoE8k1rzX6bkLu2joRAgVV7nhgpqtOQMCyw=="
      }
    },
    {
      "type": "Feature",
      "geometry": {
        "type": "Point",
        "coordinates": [
          -51.8509667,
          -3.3898278
        ]
      },
      "properties": {
        "tree_id": "Edgar_20260908011024_139",
        "species": "Cacau - Hybrid",
        "last_measured": "2026-09-07T12:00:00-03:00",
        "photo_url": "https://raw.githubusercontent.com/TrueSightDAO/sunmint/main/images/20260908011024_140.jpg",
        "status": "NEW",
        "submission_source": "autopilot-sophia",
        "pk_hash": "pk-MuEevuZ_mnN1",
        "program": "",
        "request_txid": "Lp32VP1PYo6p2ifPhVVvPZ4YU80cNl7CnH1jU11E1bsbbbgKBpBLiuoycVGjiUaMCboQ9fMDmOyBirn8n3Kh+7wYT2fH4OrnsMmVUuzHjHT2zL4khPQUajEWjs3ALQtTcjEeuCm85Y80lg2Oo5Mtgrz8WYmAGJwCuna4pHKoReuxFPzdWUmlvDkYrwolUptY8x+uLbSKC6xNYem2noPFWpIC0Fh44IqPkilgfmmrGZL6nB9fZfSp1w566rny+aqaj4bWo3Tqio59n7/qq6GkeG/NkYKrpu3HLuUktJr0pVaXhmgcBpU14j0HebxSvfUqnb/29luZJx877HfkjX+tmA=="
      }
    },
    {
      "type": "Feature",
      "geometry": {
        "type": "Point",
        "coordinates": [
          -51.8509333,
          -3.3898083
        ]
      },
      "properties": {
        "tree_id": "Edgar_20260908011029_141",
        "species": "Cacau - Hybrid",
        "last_measured": "2026-09-07T12:00:00-03:00",
        "photo_url": "https://raw.githubusercontent.com/TrueSightDAO/sunmint/main/images/20260908011029_142.jpg",
        "status": "NEW",
        "submission_source": "autopilot-sophia",
        "pk_hash": "pk-MuEevuZ_mnN1",
        "program": "",
        "request_txid": "mnNHnm9zA0gaRbKd2SO7PrYFB9UejIfOyxyd+GhICtQ7dDQu0IvBPVUX0uEcO1r4G+XrFYzZZeXNgdCdLREDy3kt3FYNfhXGLcNOBDJKcJBjlsdbyQpQ9gIFDq7rE00YRlq7UEZnyHrGic9Wx7q08pxyQNKvnEzzlZavr7FRkdZZwRfNPShfEQ00RdOIq3MvH2F5LOuaRf6J3KSFF7bFo+ht+w1iqWkdoM5ANUeeN59s+h0vuPUX31TtD3vhmfARFzFGjMz9JERix7zUSBeVsYJnKWkJHhzV4Wn9ramm48H+le3tgCaKn/1mcQnB99PZc0SgTSP3sGZetsoYF7l4hw=="
      }
    },
    {
      "type": "Feature",
      "geometry": {
        "type": "Point",
        "coordinates": [
          -51.850875,
          -3.3898056
        ]
      },
      "properties": {
        "tree_id": "Edgar_20260908011034_143",
        "species": "Cacau - Hybrid",
        "last_measured": "2026-09-07T12:00:00-03:00",
        "photo_url": "https://raw.githubusercontent.com/TrueSightDAO/sunmint/main/images/20260908011034_144.jpg",
        "status": "NEW",
        "submission_source": "autopilot-sophia",
        "pk_hash": "pk-MuEevuZ_mnN1",
        "program": "",
        "request_txid": "IpN7cycr66jJYYRZdn06CPh/T4+k70kUADmbNDFd3FcFhSdbwVVJ8hLXHNPuLEyxXxNEfO6y60EUY6wrTr2iy7sfErKPYdpd1xDj7XV4/Vu0YujslKV3Nyfvk0g0TJ3DgKJ3jUdUgsOq4Bu6kp/6S9k8r3pTPfNIPDDMwzdjxdAD7yP40KTcZi7t8gOWhbqnKIhML0ZnNUoOX8q6Owgc+oakO7aYOwA8PxHjPv9AU3jep9rITTSwBIYludyZ8Etz0QUS1UV8vUXMQs1r5KquGNvBRBwr9iOVmq95apXtp/lM4YyepgZ5fpcpHHpGro94Kv3OZJnMz4xMz7wreSNS9g=="
      }
    },
    {
      "type": "Feature",
      "geometry": {
        "type": "Point",
        "coordinates": [
          -51.8508556,
          -3.3898056
        ]
      },
      "properties": {
        "tree_id": "Edgar_20260908011038_145",
        "species": "Cacau - Hybrid",
        "last_measured": "2026-09-07T12:00:00-03:00",
        "photo_url": "https://raw.githubusercontent.com/TrueSightDAO/sunmint/main/images/20260908011038_146.jpg",
        "status": "NEW",
        "submission_source": "autopilot-sophia",
        "pk_hash": "pk-MuEevuZ_mnN1",
        "program": "",
        "request_txid": "XHoIerTzLrOwELjtfEqOzssEpokM01e12f1sZm/GyEu14yqRXL6h16Y7MmbcNoU99IZHEchrASqwSF3L9M/FO14U1dQQwEbX1qxHbSJhBPZIZXrU4Lyyw+6/+3ocfAEq1yG3O5fDHPPXIF9Ti/Nzbyn0zQqb7xukHW5YhR+bygL5gcTPcYZZ12RXj1f4TaIc/ZPtzB5MFrJXvG+iE7wC7HR3ogROSr6uWTA+HVvalSeXHoQRJYjUB1kQ22gC4UIm68lUnSqqF1uWjFXwrJZHVu5PhzJyDAFeoHur2qjwrgEJMxCeFluu5pKsUeyZ1xlw57oSPUSVtcjmhJFUTAxcag=="
      }
    },
    {
      "type": "Feature",
      "geometry": {
        "type": "Point",
        "coordinates": [
          -51.85085,
          -3.3898417
        ]
      },
      "properties": {
        "tree_id": "Edgar_20260908011043_147",
        "species": "Cacau - Hybrid",
        "last_measured": "2026-09-07T12:00:00-03:00",
        "photo_url": "https://raw.githubusercontent.com/TrueSightDAO/sunmint/main/images/20260908011043_148.jpg",
        "status": "NEW",
        "submission_source": "autopilot-sophia",
        "pk_hash": "pk-MuEevuZ_mnN1",
        "program": "",
        "request_txid": "ZeoWIZjjLAHQS8ibMKd91n+u/HB3kYkCQp/B68I95xzxgByNPjdU9g85jv9z4jzMdtQxqOerW9EHlbBnI+TPXjrxNarqTOeDC742qj+J2aUifVWp43LFTXeWIfVvQGlm+3HuuhBIjBKH+2HuwVXF6Aor7N7YsovySMSoy7Yv2fvJ2O+tEQ6wCC1jawyY2C4lTS7QFyNScW7fFkj7GZlpIX1iH/JDW1s3nqJ5gy4Mi1f20fcOsDxygsiubCG+GZNzwAKZVngtEo3IB7+VKvw0s92calMkTEwrnCcIKIQil/YtpH6WsvmzbnEcol7qQLwkr1rpfUslBX8+ZJad8SI6tA=="
      }
    },
    {
      "type": "Feature",
      "geometry": {
        "type": "Point",
        "coordinates": [
          -51.8508722,
          -3.3898389
        ]
      },
      "properties": {
        "tree_id": "Edgar_20260908011048_149",
        "species": "Cacau - Hybrid",
        "last_measured": "2026-09-07T12:00:00-03:00",
        "photo_url": "https://raw.githubusercontent.com/TrueSightDAO/sunmint/main/images/20260908011048_150.jpg",
        "status": "NEW",
        "submission_source": "autopilot-sophia",
        "pk_hash": "pk-MuEevuZ_mnN1",
        "program": "",
        "request_txid": "UMmkzx0injoMO8gh7CSjwWiNy3ik50bQ/ncV2vtRFmyKTQltHbnDWJaaiajtt6FK8btJVCya3gExxVDElhqo7o/PQ+eyjkJltDcsjkXXIwPy6B8Q0WT3eVcdJsY8SNJogfwDfXW6fpmOnEwzg9kxust4zROFkV+X7FXRGSSY3qxsmvTfNtQxvCESTsR9pmV6CAqztsG4iriBFNwS2gsBhgAyKoD0lAPg2PsB9Wt0ki/BZTfzqN1Texmud6ixgjef7n+w5E3OE9ZoUtNSGADSy5criV4ItJ+cKVyS9s1IQjhJOjLfPir12cR5K0zoF6BNc7fTggBvbOeQh79Ywrg0lw=="
      }
    },
    {
      "type": "Feature",
      "geometry": {
        "type": "Point",
        "coordinates": [
          -51.8509056,
          -3.3898444
        ]
      },
      "properties": {
        "tree_id": "Edgar_20260908011052_151",
        "species": "Cacau - Hybrid",
        "last_measured": "2026-09-07T12:00:00-03:00",
        "photo_url": "https://raw.githubusercontent.com/TrueSightDAO/sunmint/main/images/20260908011052_152.jpg",
        "status": "NEW",
        "submission_source": "autopilot-sophia",
        "pk_hash": "pk-MuEevuZ_mnN1",
        "program": "",
        "request_txid": "GlIcgNUWR3T5lcu5qYR1JpMRowTc+H5M5qJa5BrlbFmjTVSC5glv3I7bokX5aWnZIaKhPJBNQ3ZqYC4QNN8lqpGjxi2qS1fDibc6n+dqhFCWgnVfc3CGeb5HVNeHDgHiPP40QNkpipGkb9bHVfMtcF8ASnm0ReGNROx5KzTlc2MZlsE8ogalTOB7QaVys8499oR9wsvQkea5kH5lRImRhxI2sTWCV5tr20UCgy6W8Zd09oJ4HoF6F23g/IkkGOp0pRgVBfzyEu/zhlr284kAAflV9/M9Jv2hTtsXKNlp/H1xQPlpul17hXVPjiTxKu7ombin4cGCR2Z9VCViRQYoRQ=="
      }
    },
    {
      "type": "Feature",
      "geometry": {
        "type": "Point",
        "coordinates": [
          -51.8509444,
          -3.3898444
        ]
      },
      "properties": {
        "tree_id": "Edgar_20260908011057_153",
        "species": "Cacau - Hybrid",
        "last_measured": "2026-09-07T12:00:00-03:00",
        "photo_url": "https://raw.githubusercontent.com/TrueSightDAO/sunmint/main/images/20260908011057_154.jpg",
        "status": "NEW",
        "submission_source": "autopilot-sophia",
        "pk_hash": "pk-MuEevuZ_mnN1",
        "program": "",
        "request_txid": "gwqtjOpbRyJCU3PUMfd5uHBh8JYCqog5oXhobKxk9X6RT8uMVmrbXPFw5/f3QztVAtIzfRVotOGWKmUoDZF861QixJIvVOYmSDJU9eWFDXP/x+CV/DSCi3P1OZyI6YtYixWtaVXUjxzuYVuFoZGgp6cABqt9kPQxTlxnT92kgYaV83KRXYgqIyx3ttPk9AJaHLg7dpCGIttMndQzaV0MXCmAIjxjdsgC/FrXNRJ20aPDFmB/0x9tTSRtE+QPSxYtlB1JgOpu7pYmddW30HnAk4Szi4Nl31vbp9Pq0ewsuYGtEbHdOBLMqJDJ6sPLuhEQQ50EEINKMFC9riTo/JLTSA=="
      }
    },
    {
      "type": "Feature",
      "geometry": {
        "type": "Point",
        "coordinates": [
          -51.8509722,
          -3.3898472
        ]
      },
      "properties": {
        "tree_id": "Edgar_20260908011102_155",
        "species": "Cacau - Hybrid",
        "last_measured": "2026-09-07T12:00:00-03:00",
        "photo_url": "https://raw.githubusercontent.com/TrueSightDAO/sunmint/main/images/20260908011102_156.jpg",
        "status": "NEW",
        "submission_source": "autopilot-sophia",
        "pk_hash": "pk-MuEevuZ_mnN1",
        "program": "",
        "request_txid": "WDDahjUqQYt5afddKw9O+kHKopa/8rPDSKSUFDF2VfJQecb2jeItUz9rOkhUp5uk3jg98ZuxJ8JOAVsc7IRVyBVu+7fiHLTJc/t9aKrRYvGw1JXLktO4kEN4xPh/hPuxqQuyiC+puvVnyx7glpZwDY0kEGl7hh8lSSrTIduOeQsQK3RkD9O0VRBzZmDj77jCcRbjchHRepOEzos2OtgSmioQ519PxGRtHREmJA3jzW8Oxy0qI3Is85SL4hiP/zDfGoaSFTdR7fZFWIo55jTZKnrAbG/OqDFQW/+R+BhyFCkUxUeWbQ+5+64ZgKkf1Yj3jhGg0geAqzqmNy7FvN+ETg=="
      }
    },
    {
      "type": "Feature",
      "geometry": {
        "type": "Point",
        "coordinates": [
          -51.8510028,
          -3.3898444
        ]
      },
      "properties": {
        "tree_id": "Edgar_20260908011106_157",
        "species": "Cacau - Hybrid",
        "last_measured": "2026-09-07T12:00:00-03:00",
        "photo_url": "https://raw.githubusercontent.com/TrueSightDAO/sunmint/main/images/20260908011106_158.jpg",
        "status": "NEW",
        "submission_source": "autopilot-sophia",
        "pk_hash": "pk-MuEevuZ_mnN1",
        "program": "",
        "request_txid": "gipz8oRonRBQEdRahAj6sHIfIpXPh9uZBVzDyb6npYOythiG0mOSwJ/6GXnq+lFaCLRL2IZ7h1ug6py4S0X94DIbawXRhlmVIj4rVex6Td3H3pHxluNwfvIlelraY8Lmlr6w3NDPmScI5LMlHdvNm9e+HUGG1tmFxOSyPA89WpnCbzxNuf1/YehdB7FbD3eZ9s9VzJNGSSFt18L3bW95SD6FuSb7c5GnEJJxm9PnWKj3rIG+qv5d0vTmlozrM4jG+SiRfYz7hdRpzehDVoQ5//eTvtMxCpl+SUhFh57pCWbqX0bH7akBV47u6VIztqzj1B9HiDnrg8kCjZ2oq6fsdw=="
      }
    },
    {
      "type": "Feature",
      "geometry": {
        "type": "Point",
        "coordinates": [
          -51.851025,
          -3.3898583
        ]
      },
      "properties": {
        "tree_id": "Edgar_20260908011112_159",
        "species": "Cacau - Hybrid",
        "last_measured": "2026-09-07T12:00:00-03:00",
        "photo_url": "https://raw.githubusercontent.com/TrueSightDAO/sunmint/main/images/20260908011112_160.jpg",
        "status": "NEW",
        "submission_source": "autopilot-sophia",
        "pk_hash": "pk-MuEevuZ_mnN1",
        "program": "",
        "request_txid": "WOpO4FohgwCSnE7DgHVNH5UvPO6vdj1uwVSOBXcKIYK0oqz0WmLV9f1cEszVbetQ2OQZD6A78sEArBjfprAGwNsRldr0/VarTZIxE0Hn7OtfIUONo7R/E5Z0F++k/mH9xJLajzacxpjuDXX5Bi0TQWgSlUSs525j+aaf3IHZJ9AANatThk7G3PDoeviCmalgPIG5TehhUCzlq3jyEA1uu+O4GfgSTxwobOWDstcW4+l5GgVAopFBgxcACv4R0KXoCo2r25iRiNT0SB38DLNnSLl/aBQ18ZNnkPoHmaVBaRuvRQVsrT1rkvZjHVo9s/KIo0xMjpFaflPxl+KLHkRljw=="
      }
    },
    {
      "type": "Feature",
      "geometry": {
        "type": "Point",
        "coordinates": [
          -51.8509861,
          -3.3898917
        ]
      },
      "properties": {
        "tree_id": "Edgar_20260908011118_161",
        "species": "Cacau - Hybrid",
        "last_measured": "2026-09-07T12:00:00-03:00",
        "photo_url": "https://raw.githubusercontent.com/TrueSightDAO/sunmint/main/images/20260908011118_162.jpg",
        "status": "NEW",
        "submission_source": "autopilot-sophia",
        "pk_hash": "pk-MuEevuZ_mnN1",
        "program": "",
        "request_txid": "f9XblVfMxCRdcmpQxMreoH3arUC3Cjng488IbOQird4qB6vt0eOlQAebforn/DiZTqn2JsM1blp4I5BJ3H8onWLYhr7RAROIgqYFR0BSomic8t2iuxTl2MUN+kpSUCsCpVEoQ9lShRuM8171cLRqg0I6a4RJcVoqkoqjfEYF53ux7oIqOW/+7s1emN8z1MPcJQq+bY4YmHHxePr/Q4fENgCMBqH7EK6ADFsQvg+48/Q1ackW30+mV1DEMWlPE31x+hhO93/SigOm6i5mF3Ggr0GF7KxLYXNtIyLC7AVr1+Mts+bu1SR8sB2PG1ue/i0wdg/OMAtlSoNUi4qX2K1Miw=="
      }
    },
    {
      "type": "Feature",
      "geometry": {
        "type": "Point",
        "coordinates": [
          -51.8508556,
          -3.3898472
        ]
      },
      "properties": {
        "tree_id": "Edgar_20260908011123_163",
        "species": "Cacau - Hybrid",
        "last_measured": "2026-09-07T12:00:00-03:00",
        "photo_url": "https://raw.githubusercontent.com/TrueSightDAO/sunmint/main/images/20260908011123_164.jpg",
        "status": "NEW",
        "submission_source": "autopilot-sophia",
        "pk_hash": "pk-MuEevuZ_mnN1",
        "program": "",
        "request_txid": "aST++bpnwsSWOHvQy2Fx+jFACJy2CGJrrhubU1vyuyugLYydkoINLlmj337qZL5TLsRoyjWGKJEvXcx78fUL7sQRo3+t8v23VbKnbhcLPFp0vYQFIwGW1286AZGVPQk1fvtzTMQl90wFOhm18ybK2AVZHNB97APRibcNwO6xkH2jOiAwM+Qnq1TB3vleHnpYg+HXdeJ077MvmdEpG2jBdvyhjE5EF5G1RFvIHzyjF7zZwsWQNBc5i/ehJr5UB/BI1oFr8DkSgCsxpWmf4skc0BBZkxOKJR1dW5zPngk8iVycnLkTRuLG83W0Ul4jp6LMM2iM+Tm1I29gTAINhNFIfw=="
      }
    },
    {
      "type": "Feature",
      "geometry": {
        "type": "Point",
        "coordinates": [
          -51.8508611,
          -3.3898806
        ]
      },
      "properties": {
        "tree_id": "Edgar_20260908011128_165",
        "species": "Cacau - Hybrid",
        "last_measured": "2026-09-07T12:00:00-03:00",
        "photo_url": "https://raw.githubusercontent.com/TrueSightDAO/sunmint/main/images/20260908011128_166.jpg",
        "status": "NEW",
        "submission_source": "autopilot-sophia",
        "pk_hash": "pk-MuEevuZ_mnN1",
        "program": "",
        "request_txid": "Wgq5wYw+OJhpa7ePWbsHHaeCq3mrgqeGHez2HIuhdnIStyvUWlRlItGv1M2KfcsD+jzomzFIkdzOI1HuPJpN/8YG6aIPAXiNXE6MJg5mh3onQZP3Ga+7gTVYfk8WlEXMQkar+3Ou5oG50fMmWcLau484b0VKyv83p/rtk+IZ8sTrSOQkl3EEW999rklMwvyvX7SwRjYdFsQK+gK/QwtSQPvJoettku/aa32Boe0cJX3aB65NX6D+5pibITLEJ/B9pwXie8zRJKUFVtWS9fDMTfe5Ambj9FbpAYsbv94mGWgl0u037WeDnGmqFL1pNaXxSlK0mKTFhH+nMLjgEi9CDw=="
      }
    },
    {
      "type": "Feature",
      "geometry": {
        "type": "Point",
        "coordinates": [
          -51.8509139,
          -3.3898722
        ]
      },
      "properties": {
        "tree_id": "Edgar_20260908011133_167",
        "species": "Cacau - Hybrid",
        "last_measured": "2026-09-07T12:00:00-03:00",
        "photo_url": "https://raw.githubusercontent.com/TrueSightDAO/sunmint/main/images/20260908011133_168.jpg",
        "status": "NEW",
        "submission_source": "autopilot-sophia",
        "pk_hash": "pk-MuEevuZ_mnN1",
        "program": "",
        "request_txid": "oy445J2+jmHVFXYxSsyrpeuKYuCom8N3Prnm06oFdyVPU2yUvdQvniqSTatSr8thAHfgSnr53qM0H+eFSX6uJ/HxFNCIBhOxvR4MxAGglO71qB/6fbPmfmFs1Jl2apyho4cdfEvDJZGt8bJru+QRkWRaF+laSfuTWR50QjwetuoEApX2v2XSD/pmbGQCfuJLWtOiuieHeuH5ZVlaBZUDdtzmjLbQRtoDm+Rl3Jg6TLFo3Dav92ok8acSGmD39JM+zRsS4NSolthyhi7nzl4aNMNIS/9jC6Nyz+DV2lIX0LliBkCTUo09juBcwY9f9SyKvATE/JwJwZpsnW7lS+WmUg=="
      }
    },
    {
      "type": "Feature",
      "geometry": {
        "type": "Point",
        "coordinates": [
          -51.8509861,
          -3.3898389
        ]
      },
      "properties": {
        "tree_id": "Edgar_20260908011138_169",
        "species": "Cacau - Hybrid",
        "last_measured": "2026-09-07T12:00:00-03:00",
        "photo_url": "https://raw.githubusercontent.com/TrueSightDAO/sunmint/main/images/20260908011138_170.jpg",
        "status": "NEW",
        "submission_source": "autopilot-sophia",
        "pk_hash": "pk-MuEevuZ_mnN1",
        "program": "",
        "request_txid": "koa7ECFdWk3H272cQDDAfN1rurUkKxMBcVmGWMSzPHiaBWCxDMQdyitN/K9VVOw+1vqAm1myd4Yg/fJuSWduOnswLe/RC+rgGA5vMBTF7k+r2HN1Kpbr6SW7uvZD5iDtJlkUi0WDwT+YtUZUK6wQ9S9Zf5m+MmqqGvnKRzI5VAtfPED8UILLHJBGNAHCxlIvxGI/TzP2+UdSe5Eveka24gbL7Ff1CMGu3kbWhmYc60cEnQkTPn444pMwLFKSy14umGYR39M2lWnqa1htJ/FZBR3Itb09B6LibIzWd1pnjPi0jgD2EZebh/k7XS6TMT672xRposaiBOewR9VHvyIOew=="
      }
    },
    {
      "type": "Feature",
      "geometry": {
        "type": "Point",
        "coordinates": [
          -51.8510139,
          -3.3898333
        ]
      },
      "properties": {
        "tree_id": "Edgar_20260908011143_171",
        "species": "Cacau - Hybrid",
        "last_measured": "2026-09-07T12:00:00-03:00",
        "photo_url": "https://raw.githubusercontent.com/TrueSightDAO/sunmint/main/images/20260908011143_172.jpg",
        "status": "NEW",
        "submission_source": "autopilot-sophia",
        "pk_hash": "pk-MuEevuZ_mnN1",
        "program": "",
        "request_txid": "DdKSSJSRepM6TxF7QiWgJcdAgR99/tuWSdzs1NS4vXF5l3OVbNxUyH7Pq695w0avkHnizq7xsE7FRMju37U0rTG8UhRo0QzlQqcLR84zpRAgTf74fa1fC20nF9dylssd8OXOa9bb/oEfnGx+RpT+3oae+vpDg7pzZdW/mal91sJbm6f/8kFKbFNCGAoQO3GOWcpmq4PYOqvGp30nzTOg7T1HQ0B0xpDdpquzwkPFYVC4A3ifMOfTXLkh/b2JdFg5gSLw6k+mSYRt/KHYBaQ+rKFHRWMqa3mrcj1SOW7jRLFb/yLH7LvZP90TtlymRDvLre5+MwgcM9h55NqwcsIQ/A=="
      }
    },
    {
      "type": "Feature",
      "geometry": {
        "type": "Point",
        "coordinates": [
          -51.85105,
          -3.3898278
        ]
      },
      "properties": {
        "tree_id": "Edgar_20260908011147_173",
        "species": "Cacau - Hybrid",
        "last_measured": "2026-09-07T12:00:00-03:00",
        "photo_url": "https://raw.githubusercontent.com/TrueSightDAO/sunmint/main/images/20260908011147_174.jpg",
        "status": "NEW",
        "submission_source": "autopilot-sophia",
        "pk_hash": "pk-MuEevuZ_mnN1",
        "program": "",
        "request_txid": "Fqi/DF+6QrFZ2sZWU0vQNFlT69gNNnS6JLye+4Jw/O4kNOfwa07Mh3PTGLH6QiMUQv94BkBC/R89TPn7KTpvSmW0wtC5ge+9wSaHPUsr2gh0PJnCWZxRksUf70Pm7J8jIXYprBeBPleJU+KnUUM7xh9/dkCt0UpoPrOtSldwzWYV+PVHKNWuSAfFncmiSZh/2GyOnaadu3keUB3shB6BN7D87csj/FQMAbKhU09bnEsGQbCH3Wqq9g589m51HqIc3c5fp5taqoPkIJNyyS3MSneICbdQTSG6QvWUa6/869+w4Uiq6qUBNVrI8SYyrecoSazgfGvwSycYIgcQv2/xNg=="
      }
    },
    {
      "type": "Feature",
      "geometry": {
        "type": "Point",
        "coordinates": [
          -51.8510778,
          -3.3898222
        ]
      },
      "properties": {
        "tree_id": "Edgar_20260908011152_175",
        "species": "Cacau - Hybrid",
        "last_measured": "2026-09-07T12:00:00-03:00",
        "photo_url": "https://raw.githubusercontent.com/TrueSightDAO/sunmint/main/images/20260908011152_176.jpg",
        "status": "NEW",
        "submission_source": "autopilot-sophia",
        "pk_hash": "pk-MuEevuZ_mnN1",
        "program": "",
        "request_txid": "IHQn3vbJUiKcqnPb1NJCE6tcyzy85pWlAd7TJmDhRd7LIGopMyZ3Ybyog5Z4Mh+az6V0KSLFpsKxOFp8rTUxW+Ygcg+X7m4IjO68RyWAEh9nyyCBW+nO9F2vAG6MnoMok42hqIdZ3HDo/zosj0iudwIn4gEXk96EcWXkBW36NkkNYAJFbBOXLEdta6vDMrKduxmVIjWLpARse8a4yeIInZ0SCbEkB3Q5QYjf1l5KH+9TyVlrMoNS4ZzQeokYUvvSuPmgETvoviZ97vry9skcodcor5l1IkT315mBHj5Atg4Vri4OlAJM0dFf33L7aVlk7gjA0KIq9RBL+R0lBk1iuw=="
      }
    },
    {
      "type": "Feature",
      "geometry": {
        "type": "Point",
        "coordinates": [
          -51.8511278,
          -3.3898389
        ]
      },
      "properties": {
        "tree_id": "Edgar_20260908011156_177",
        "species": "Cacau - Hybrid",
        "last_measured": "2026-09-07T12:00:00-03:00",
        "photo_url": "https://raw.githubusercontent.com/TrueSightDAO/sunmint/main/images/20260908011156_178.jpg",
        "status": "NEW",
        "submission_source": "autopilot-sophia",
        "pk_hash": "pk-MuEevuZ_mnN1",
        "program": "",
        "request_txid": "QPtqlRlmA10PGdmNb49AJASwp/F/+syzML6le8dvfI0/Nz+PDcPjmdxJSTI28RpKsUj0XOuZvpdqDkGmwqxy9mw1RTHpEGVJguFetF12GjHGKQxGwUD7p6CZupttSweXe7i/wRFeNpitk0gNawqWk5KhQsDstz37toelmOxKO6DmRz3bVWFD4jOiDxM6e1AL70mI5dEH+lGMIRZoPH+5KeelN1f9u8hjkko3L6KfJyPusFr/z9FuzDrOcdEsSzV+uGs1mxjl0kYldvA6m9JzcpOvTSDpyrVksm8hOXyexVQoiTzdfMtxx6BCLzQGUC/5foePxix9IemvsrAiPdRebA=="
      }
    },
    {
      "type": "Feature",
      "geometry": {
        "type": "Point",
        "coordinates": [
          -51.8510778,
          -3.3898667
        ]
      },
      "properties": {
        "tree_id": "Edgar_20260908011201_179",
        "species": "Cacau - Hybrid",
        "last_measured": "2026-09-07T12:00:00-03:00",
        "photo_url": "https://raw.githubusercontent.com/TrueSightDAO/sunmint/main/images/20260908011201_180.jpg",
        "status": "NEW",
        "submission_source": "autopilot-sophia",
        "pk_hash": "pk-MuEevuZ_mnN1",
        "program": "",
        "request_txid": "kfiE8Q4B+hgIM1258JiZj9TE2sQyWOwz2zM86QNKIv8ItYKcw6aREDxRD7rl6k6CIMdSpuxdmfjetO+WEg+BKCiBoPE2uKKyQs0qTcBuKdrcJH2+B2UDQKYUoKVurA7L/beWv9QxouR1it0KCnZ64A8YBYro8a4jmHBRfzmj02W0i1kwUjbIoQcm+EA450ZqpaRMw1qlv5B4k0R3z4IO+s/gyYFfzWQ+EVXSkEypBZLDN7RXsEi6Ser1vao5TauxJ+C3MzdTonxfcEuRPpJKD7JGQJunbuZTHgB57uKAVaW4UvU0CLNRxTsuw2POGA83t/aEKdanr1uycUdLHfRCWw=="
      }
    },
    {
      "type": "Feature",
      "geometry": {
        "type": "Point",
        "coordinates": [
          -51.85105,
          -3.3898833
        ]
      },
      "properties": {
        "tree_id": "Edgar_20260908011206_181",
        "species": "Cacau - Hybrid",
        "last_measured": "2026-09-07T12:00:00-03:00",
        "photo_url": "https://raw.githubusercontent.com/TrueSightDAO/sunmint/main/images/20260908011206_182.jpg",
        "status": "NEW",
        "submission_source": "autopilot-sophia",
        "pk_hash": "pk-MuEevuZ_mnN1",
        "program": "",
        "request_txid": "S/lSAg6vlLwVOL/xK0moacsx6/fA/fXiQHo5h7UX2OZTmU40uNeqyAVHNF3CL1Z+fknBPVkRx/DU2sdoQvcOkZ+a0qkhDMIvqsv75/pM51PWuaFpBUlIQR7csNqprXcFOskqZtV6L2i25YaTyd7WSLiMkg1h2jMrz3d6UH6EN1ZLyMN6j1DqZrB9DAiZ8OX+Sg08fcgWGAxk+ciUjyccXAomMkb5AB5I3tioIQ1J/tcyAdIYK6P8UsCFVLx5udrwcfpBU6ATw/kK0pdbzVfrLUuEyPWLmbnkfGq7z0k8Hym5OyYaBXpUmBhy9IXZinyTAs1D/rOW4Nx1VuX8aVt+AQ=="
      }
    },
    {
      "type": "Feature",
      "geometry": {
        "type": "Point",
        "coordinates": [
          -51.8510194,
          -3.3898917
        ]
      },
      "properties": {
        "tree_id": "Edgar_20260908011211_183",
        "species": "Cacau - Hybrid",
        "last_measured": "2026-09-07T12:00:00-03:00",
        "photo_url": "https://raw.githubusercontent.com/TrueSightDAO/sunmint/main/images/20260908011211_184.jpg",
        "status": "NEW",
        "submission_source": "autopilot-sophia",
        "pk_hash": "pk-MuEevuZ_mnN1",
        "program": "",
        "request_txid": "CQMlqF2gQBHn6sqZYM+o+rLCkmJpbm/jN8Jl5ZMENVP1+4i2kJGlUSWjqKLDtcA83WBSr7dzblZbIBqFTD/RucHvdFWfkGvriP2EZMVx/c6YrfBNIvcqi7xKHvz23EJn0RPucdUEasia3cR69KcYGyr6QpdwDicnKlJtQfgn43q7T9ex0uOdfX8xKjFtyGFHskZ3XunD/+tSDZJuG4vizCH2AITG3S+2tKmyVuxBXjaMwWLDSAzOK8SDDSy2uMxWEAu1pRtgz6xVFUb4NjM4U1wV0hZYt0sViQdYeO/XCT0EYARYXBQJuyIES8Z2OVelPOFdIRXV/Hk1zdlMgmvfTA=="
      }
    },
    {
      "type": "Feature",
      "geometry": {
        "type": "Point",
        "coordinates": [
          -51.8509917,
          -3.3899056
        ]
      },
      "properties": {
        "tree_id": "Edgar_20260908011216_185",
        "species": "Cacau - Hybrid",
        "last_measured": "2026-09-07T12:00:00-03:00",
        "photo_url": "https://raw.githubusercontent.com/TrueSightDAO/sunmint/main/images/20260908011216_186.jpg",
        "status": "NEW",
        "submission_source": "autopilot-sophia",
        "pk_hash": "pk-MuEevuZ_mnN1",
        "program": "",
        "request_txid": "EO9tqRuf4KHJZ7oHKo5Qma4rWEF+MD+D2EEyRpv4wn7eRUJ6Z5EfF8IIjkBRg5vxDdETldH40uW5/fPWx/VWBD08sSgZyguq4a0HaSRmqPW38WZFWF9V9jq8sCv3qou1Txkg74X1rPVJ3fMTKjB3WYVLlqzPKB/2D7DIfP/VV/hWvOct5GcgkfmVU3XXt/NQSVjoLuvkLBRlW8XSFFQqqCpgt3gseWRcl6qGrWziterKOxxBYsG4YpdbjON+0fZpybyziLIIH571T98ArZj34nWHjzhXI3PzrymUqzK2gRoTg8WE6n+uiq+VLh1yt+TUDYgrCIUSZXU9/2hhghC65A=="
      }
    },
    {
      "type": "Feature",
      "geometry": {
        "type": "Point",
        "coordinates": [
          -51.8509556,
          -3.3899028
        ]
      },
      "properties": {
        "tree_id": "Edgar_20260908011221_187",
        "species": "Cacau - Hybrid",
        "last_measured": "2026-09-07T12:00:00-03:00",
        "photo_url": "https://raw.githubusercontent.com/TrueSightDAO/sunmint/main/images/20260908011221_188.jpg",
        "status": "NEW",
        "submission_source": "autopilot-sophia",
        "pk_hash": "pk-MuEevuZ_mnN1",
        "program": "",
        "request_txid": "QtM3PuOVIIVSUebAXoT8Y4zpVC8ADObBlw1uuubBC9rD+Djo+8/WvwNGVboOh1Zdxym6K2wPy8UK4lAtdwbWiNfDRrmYqBqprrHfWqqbbq5c1zHbVfHz9Xv98bYBjccf3gK0pKuQQowUMqBSiWtky2eLgMgq8UzlsGZ3Ba+jbO/QnlJmxJ16c+/qjn2OKcbwnE0CRKCBe0cUlShGEvqRMzTokQNkbGxhmG4bJ1nBmtQLcBeDnrOUYV7kUI0zW4DnNIkEULvePQ416JUCmwofY2sFgBEHKWBG+qodF29CmqS1XTsHYD+aLj8ahTHAktVcyQzxS/SuRzb1zzAd38XRkQ=="
      }
    },
    {
      "type": "Feature",
      "geometry": {
        "type": "Point",
        "coordinates": [
          -51.8509333,
          -3.3899111
        ]
      },
      "properties": {
        "tree_id": "Edgar_20260908011226_189",
        "species": "Cacau - Hybrid",
        "last_measured": "2026-09-07T12:00:00-03:00",
        "photo_url": "https://raw.githubusercontent.com/TrueSightDAO/sunmint/main/images/20260908011226_190.jpg",
        "status": "NEW",
        "submission_source": "autopilot-sophia",
        "pk_hash": "pk-MuEevuZ_mnN1",
        "program": "",
        "request_txid": "Eyhj32722C0CRtE0n29Y90si+w1Yyn0zwTZcZuzTv5Vrbo1p1HzUYK3a64nWygbcW0hIAq7HHeGLs74NKjV4NwaHPSvKdDC96/Bo67SN0JqqFE3oPE1xicUWiXs8RESSsmEUqH89FOZVQe/qL6Dv3RmzHqoQ1q4Fr/n3d8oBF1N8+5+sTnvk22Nf9l/f4MBUnkVxKqdcV5OcQhnJHtrY/JrLM9exCCZB4VlF1vrBUzX8lpOEBAqrZgEwV/If/RpmvdSi7tk/pPxHqSh7JFyBQiaKCoBj0AqA8HkDTPXBcKw3YeC4vRzhvLZiMnWR0Qza256e0lEGbho03buuJabi0A=="
      }
    },
    {
      "type": "Feature",
      "geometry": {
        "type": "Point",
        "coordinates": [
          -51.8509028,
          -3.3899111
        ]
      },
      "properties": {
        "tree_id": "Edgar_20260908011230_191",
        "species": "Cacau - Hybrid",
        "last_measured": "2026-09-07T12:00:00-03:00",
        "photo_url": "https://raw.githubusercontent.com/TrueSightDAO/sunmint/main/images/20260908011230_192.jpg",
        "status": "NEW",
        "submission_source": "autopilot-sophia",
        "pk_hash": "pk-MuEevuZ_mnN1",
        "program": "",
        "request_txid": "coL6bOaUyFoSOb2CYNiqseUAaaDrsTDkTmSrLtmd8J9KWOvXVVlRrlhL01pEZ/rS4s3bjrWUkrEKFFL99WToNKE1jCUhhr5Ga9gAch8hI4fZPCNlb6HA9flvvLvAJIwOk3hW+zt+MeuC5hRbxsJ9oxxDARe9bvaaJFsX5D9k0DZiK99xH3xOuUDv4xKYmwGBvKkvN6C7RFfT8uYmcEWusmlpUGYM7gkm1nwja18ayyvDZjaNiCjqnwyt58lETcNKd9B5uThLZlMgFWwGsl4SmOiiAc5AljxqvS+NqzR7tHKnhVuOIyWi1tnim4z1NfGkmh7quFIlj/vfaYHGIWXQ9A=="
      }
    },
    {
      "type": "Feature",
      "geometry": {
        "type": "Point",
        "coordinates": [
          -51.8508806,
          -3.3899278
        ]
      },
      "properties": {
        "tree_id": "Edgar_20260908011234_193",
        "species": "Cacau - Hybrid",
        "last_measured": "2026-09-07T12:00:00-03:00",
        "photo_url": "https://raw.githubusercontent.com/TrueSightDAO/sunmint/main/images/20260908011234_194.jpg",
        "status": "NEW",
        "submission_source": "autopilot-sophia",
        "pk_hash": "pk-MuEevuZ_mnN1",
        "program": "",
        "request_txid": "iM2UjKUzyy6KdZ3+s3SUrpsDPk9cXrj/myAKA09ET9kPR/D+zlLwNfm2LSFEU7OlocA4rm8hpFXa/5drhaItF4epObsyh93VJfPAtM93Rbepm+BFAKmBPgt+6Nv8zkknDtFlV/TYQ2bTwonAzKKpWgZsxXt4z8uaCp6/UZOcmcBcoI1vOKO14dytitHloIGrPwuksYCZDw930BKFI5qI/7Yb69Y29lus8kWHHM9qT0/d94CyknN6iM7n3KhZfvCt3mUkiM/jGp0FQFG9/t77RWkyazC436xtKJjViiC8n0ixP5W2FfIREGsrlzu4MKqAfvhX3xxnSjlICJJJQfOQ8Q=="
      }
    },
    {
      "type": "Feature",
      "geometry": {
        "type": "Point",
        "coordinates": [
          -51.8508833,
          -3.3899444
        ]
      },
      "properties": {
        "tree_id": "Edgar_20260908011238_195",
        "species": "Cacau - Hybrid",
        "last_measured": "2026-09-07T12:00:00-03:00",
        "photo_url": "https://raw.githubusercontent.com/TrueSightDAO/sunmint/main/images/20260908011238_196.jpg",
        "status": "NEW",
        "submission_source": "autopilot-sophia",
        "pk_hash": "pk-MuEevuZ_mnN1",
        "program": "",
        "request_txid": "AyggUPfc4ZZmCJm44gjT6UWyxxacPZgxwojLISmjTnyOuZ0gLbMeaEIR7AXt/hTHtzzNboJpISsg4UibjrET2w+USwP6i469YGoGPFhFAJ8w3c1yw1iHhxyV8d1zpjID42zcQ8UyMbQ7EY92w70UsUc1jMwpMLH7dS1mJhObj25AuUUXDgKDcSbAYAkIaedCVgmIiHBjUhXL17X+T9iuzoUqOiiLZQ2FrkLXA4M14VwdUnqMsklLFyffIKwL27h8mCTGmRHuRyE+19cJbk8FuJjwid7F5wnyYy42WVHbajknemL8W+sw5inTx738idxLOnTrMSKGcXOJ7u9qOsOADQ=="
      }
    },
    {
      "type": "Feature",
      "geometry": {
        "type": "Point",
        "coordinates": [
          -51.8509972,
          -3.3899056
        ]
      },
      "properties": {
        "tree_id": "Edgar_20260908011242_197",
        "species": "Cacau - Hybrid",
        "last_measured": "2026-09-07T12:00:00-03:00",
        "photo_url": "https://raw.githubusercontent.com/TrueSightDAO/sunmint/main/images/20260908011242_198.jpg",
        "status": "NEW",
        "submission_source": "autopilot-sophia",
        "pk_hash": "pk-MuEevuZ_mnN1",
        "program": "",
        "request_txid": "UcxziywqEgjvnJnsJWr3zIwN0x8UZ2Jjm0Zfu5ud/f6Q5E8Eac/vxJpNelNHVNjdHEDAnR/+ZW5laAd/9TN7YgwwngsyhWckN45uzdmr25t1KyBpBgsKfJjCL9UHYwUHUhbc6VzfPnRXhoXBb1XYvoM4xMKE2PukidlV+28BZOUEVxTC1+PhX0vcd70Ejr/20KnQgK7RWwrhOuoH3dSpxgaPJFgEmgvwpQewBUw4zlD0QKcR3im16KvAN26qdsKgQeQif2pfP7Wru1P06P9NXligQfNzoe4MHtQSdK5WMeW/G/8FStNNKBBwpT4mm4iKqO9lWDBK+T0lP9aRrtC59A=="
      }
    },
    {
      "type": "Feature",
      "geometry": {
        "type": "Point",
        "coordinates": [
          -51.8510583,
          -3.3898806
        ]
      },
      "properties": {
        "tree_id": "Edgar_20260908011247_199",
        "species": "Cacau - Hybrid",
        "last_measured": "2026-09-07T12:00:00-03:00",
        "photo_url": "https://raw.githubusercontent.com/TrueSightDAO/sunmint/main/images/20260908011247_200.jpg",
        "status": "NEW",
        "submission_source": "autopilot-sophia",
        "pk_hash": "pk-MuEevuZ_mnN1",
        "program": "",
        "request_txid": "ZbUJ+uxk4TmWp8titXV18/Q7wnYudfbw1wMVeOQttunSvCaT6eHREPwsH20Xr+dNrXMFi3GSVhN4uiVmxsdEgMDvJ3WTol1/6F/cO6gD/c7yKt5RS+Vov8uhJcz+zBv4SdU58xMS32ah4/V+hC/SB0Df7v4ywoyYEb9WYmh4ziAgI0Z+YG3v+1wO89D91rqFK1Jvb/+OCf9+ckI0rXkAjqIJDLVtc77HtCbd1Wa94X0yTk2fA1BMYT2NMTRF84QpJSva5P7s+J28M4vmtBZjoMm03VZ4hYusbqCm5wNHPo14jpFnLYltXtHpUNgRd9Blj8UbPY2gRWA2zPPL5LEtTQ=="
      }
    },
    {
      "type": "Feature",
      "geometry": {
        "type": "Point",
        "coordinates": [
          -51.8510889,
          -3.3898722
        ]
      },
      "properties": {
        "tree_id": "Edgar_20260908011251_201",
        "species": "Cacau - Hybrid",
        "last_measured": "2026-09-07T12:00:00-03:00",
        "photo_url": "https://raw.githubusercontent.com/TrueSightDAO/sunmint/main/images/20260908011251_202.jpg",
        "status": "NEW",
        "submission_source": "autopilot-sophia",
        "pk_hash": "pk-MuEevuZ_mnN1",
        "program": "",
        "request_txid": "Iee/1LNMZ3rqrNGPhXClTGPLQtN688PUHttOaQDf+vGO/rLMkWiqGAEd63/5e3tQqDUebmSECGMwFUblMZ6EV9zH/fUYfiGBVxHMv67wzKqluQHvAq4U/ai+sR39khPTdN9sZj/WKQOspjKtu/t37xOLp8SnQXIxXcfXiKfzVsluTENW5tnNR9NCXWzgCL/FoMtmdT9/hPLG/1Ev9S/dn6drx2K4YMMmjlvR4r04Sm7d/FRkoiq3ZP3ruEP4KKFalML8xsXVUQY/jcr3Svyg4wIvWkubcqZB3ePZbxkaZBYTTyYRGnh+UYCQM/eN1KPz1X2dC+5SVQmM5AJAlJ9n1A=="
      }
    },
    {
      "type": "Feature",
      "geometry": {
        "type": "Point",
        "coordinates": [
          -51.8511389,
          -3.3898556
        ]
      },
      "properties": {
        "tree_id": "Edgar_20260908011255_203",
        "species": "Cacau - Hybrid",
        "last_measured": "2026-09-07T12:00:00-03:00",
        "photo_url": "https://raw.githubusercontent.com/TrueSightDAO/sunmint/main/images/20260908011255_204.jpg",
        "status": "NEW",
        "submission_source": "autopilot-sophia",
        "pk_hash": "pk-MuEevuZ_mnN1",
        "program": "",
        "request_txid": "As1A6t34FHsfzkMlzjcnCiZt9DdPjlylupBPXX6LMEEhsFHR+z076W+JpKtjx+xed5OPW+lx2Bch5W0Twd7GY3+KSQaQJWbZ8R5Umj5BZTNEIQK1Ko8VbUsG+C4oxopd6pN800eCSwVvmB/E8dk9YKx3yQAFvelKHB4+xiOWIQbF22+9plM1X3ljmw9OCo/dUefge3zW7AtjyF7RgrBGI1ImbfUKrVhdt5qETQLlpKIaPd+4o3y0ptXBMAuI64vVCjdqPAdk+pwK0utNQaLDlYfEL113WRGjw2P1wyByc6yp/LKt/G7NbtXV6XrSu3xc1DW/w7lf/7ChSpMu2Si48Q=="
      }
    },
    {
      "type": "Feature",
      "geometry": {
        "type": "Point",
        "coordinates": [
          -51.8511694,
          -3.38985
        ]
      },
      "properties": {
        "tree_id": "Edgar_20260908011300_205",
        "species": "Cacau - Hybrid",
        "last_measured": "2026-09-07T12:00:00-03:00",
        "photo_url": "https://raw.githubusercontent.com/TrueSightDAO/sunmint/main/images/20260908011300_206.jpg",
        "status": "NEW",
        "submission_source": "autopilot-sophia",
        "pk_hash": "pk-MuEevuZ_mnN1",
        "program": "",
        "request_txid": "OxtdUiLkbehGrsWupQsbLREw8osqxoQ6XYM1dqb8whPbNwJevX5K5DTZk/1FM6Q0EELMxxSDu+2BaRx1G48ZJa+aqRqcHxaOq+9KdwaoTDB1PJaRzBJ5LT3naxpUkw7fwt52/N8mQfamwR1jOxtwSMAPdKb3qEiop6Gg32Xq+mnUGef9RLcfo+wiFVi7Azp6zqjAZmzM7ZzHs5CyzaS4Rok0IUaLjL8BiEc2gjzaueWK8MG/3SOxTz4dR6mZLt4j2fgMm8KbdVZOXMyYxAIWRep59txFCiBztvNleW3fvIQ5h2U/HBVCCf4Ev+GPhZXduLysaZNIJFup7uF1K7eDnA=="
      }
    },
    {
      "type": "Feature",
      "geometry": {
        "type": "Point",
        "coordinates": [
          -51.8512028,
          -3.3898444
        ]
      },
      "properties": {
        "tree_id": "Edgar_20260908011304_207",
        "species": "Cacau - Hybrid",
        "last_measured": "2026-09-07T12:00:00-03:00",
        "photo_url": "https://raw.githubusercontent.com/TrueSightDAO/sunmint/main/images/20260908011304_208.jpg",
        "status": "NEW",
        "submission_source": "autopilot-sophia",
        "pk_hash": "pk-MuEevuZ_mnN1",
        "program": "",
        "request_txid": "Vh3MOoNsuupUc84X386BUERxKJh03di3JNwnQmXMiSiB/Ji1gMtn8f0PNgByMxYUwz2t3E16Ogaz9KtgJK8HRudCJ0MJDwsQsLzjkW1s5XYFOGqxGAl/Q9mpzUOXmcOXpcjbdjweygYUQxTKiR0xmXQ/fStvi99js3TNUpq67gBhbs9Zzn0TkM60b36RecGTgC+G66Qz8oEUC7JyYVVsPyn1kYNGoVLODvL8albLngLr6V3wL2q4/jQ6/N6K0OkVWml2PFCuFNTU8Qhn36/7OkVleWksLNDUDmrwMaFuZX3IkLBqf+p0yuFB6HtG8OqH94TqEVF0IZFMXxhY/CcwoQ=="
      }
    },
    {
      "type": "Feature",
      "geometry": {
        "type": "Point",
        "coordinates": [
          -51.8512278,
          -3.3898389
        ]
      },
      "properties": {
        "tree_id": "Edgar_20260908011309_209",
        "species": "Cacau - Hybrid",
        "last_measured": "2026-09-07T12:00:00-03:00",
        "photo_url": "https://raw.githubusercontent.com/TrueSightDAO/sunmint/main/images/20260908011309_210.jpg",
        "status": "NEW",
        "submission_source": "autopilot-sophia",
        "pk_hash": "pk-MuEevuZ_mnN1",
        "program": "",
        "request_txid": "IPGupsBcBXX464p0mRMFQ/6Rooowyic4uDgYTgqXCCfOcHOlUjqZ48NGe2faS2vUHwhAYvx9LbUaWk4x14nfG2PxysaNQi5wiH0+e558A5vlXDyWWi6ZROmKd0eaif4sp7QGgD2IEC70FTdpSKk8Cms4hDeZ7QndXS3GInWqN7GBE1JL7emR7g5Ftsr54L3ciGcVItETKAKOn3eB+NMsE3Qg2M5zKhKgalnd/1PPFUtMBrcUNs8ZnfnOKxWlpxdTx3oLDWiSMfQDSe+7M1rjWSc/WlUlzuLMMeq8NuoF8JVlup2bCN45U/BP4nbkygjj2weHPmPRN0GOLvyfdDTsKw=="
      }
    },
    {
      "type": "Feature",
      "geometry": {
        "type": "Point",
        "coordinates": [
          -51.8512611,
          -3.3898333
        ]
      },
      "properties": {
        "tree_id": "Edgar_20260908011314_211",
        "species": "Cacau - Hybrid",
        "last_measured": "2026-09-07T12:00:00-03:00",
        "photo_url": "https://raw.githubusercontent.com/TrueSightDAO/sunmint/main/images/20260908011314_212.jpg",
        "status": "NEW",
        "submission_source": "autopilot-sophia",
        "pk_hash": "pk-MuEevuZ_mnN1",
        "program": "",
        "request_txid": "dI2vLVQpyTwJ3Yz6inrSjubu1WieH0j0cEh7zTm2s+/0GiRSf06v9d1fYlAc20Gz0VLLB0lPq+jDAmEib7SFXfzGeNPy8PQpZjf2Pi7ohr4n5t89Q8rsQoPqV31jIuBDtXsbhzIz6/88KN9fprfRxXxh20fF7FBorYJlskHPEhDF5FyTmOZWf19zl+3luf8FbGJC43xQT2uV90O0tO76wkq+V1gzkACjbivnx3Jm50MsTPZNtuFz1Vcg+iRSkxqIkOntHy8lGKW64pOlBwzeeYRFJTAF+FCCxIH9j/UhkS8NrfdC7Er4lf8kWdUpDekOPxwwaILhfsYORnqv1FjYsA=="
      }
    },
    {
      "type": "Feature",
      "geometry": {
        "type": "Point",
        "coordinates": [
          -51.8512917,
          -3.3898472
        ]
      },
      "properties": {
        "tree_id": "Edgar_20260908011318_213",
        "species": "Cacau - Hybrid",
        "last_measured": "2026-09-07T12:00:00-03:00",
        "photo_url": "https://raw.githubusercontent.com/TrueSightDAO/sunmint/main/images/20260908011318_214.jpg",
        "status": "NEW",
        "submission_source": "autopilot-sophia",
        "pk_hash": "pk-MuEevuZ_mnN1",
        "program": "",
        "request_txid": "hbDrr3NUS9u7TDQiKbN3sPUBUvSwuN093ZawNoTKPrWznX/pRi3bgZbLIiPhUBgz26FPlez7hPoUAHtTPjpnnS5j8HCZzLw/jmkMmA9krNPIuITsVXO/kzF7GdFcPZz5Iryc6CWeY/fBRcELTMGYmtqUdGAc9WvDRkPQvoJsBTCt0dMlm/MpkBuzOE6vYHuc7r9TR4jTSdGZkqlYWUIeNPe84JAUsLhE0QKcux4H048OHebYqAZLVI3tJ0D28Ms/oGaCVmYfOSEk2tq99cAWjtobQcpNrC/fL6d5avCub6Lb9e7djEMP+ldHNIfxiYBCcRQCvlxjR3dHgULTDje5PA=="
      }
    },
    {
      "type": "Feature",
      "geometry": {
        "type": "Point",
        "coordinates": [
          -51.8512389,
          -3.389875
        ]
      },
      "properties": {
        "tree_id": "Edgar_20260908011322_215",
        "species": "Cacau - Hybrid",
        "last_measured": "2026-09-07T12:00:00-03:00",
        "photo_url": "https://raw.githubusercontent.com/TrueSightDAO/sunmint/main/images/20260908011322_216.jpg",
        "status": "NEW",
        "submission_source": "autopilot-sophia",
        "pk_hash": "pk-MuEevuZ_mnN1",
        "program": "",
        "request_txid": "S7D7x+N5Euv1W9x2/AiuwL8x+WKhN0QrDOkbpL9/D/U9jqVHVT4MknddlCo5Y5XhCYRwgnkEgbtaoQz+CvJshJ/AQ2FN9/rkv4gBs8wzZhE6pWw496wwHOVi2e3p9wZL81UyxZTnpLsoJBOTVp9Z04JMb2vCZ0CXcaGphMVje2oJmQj1Qek/6sRZcaAefJ+B+q5UMwukPyxPK3A5W3S+7owvYeFCzWkcgL0P1X2g3DkHoUKjxkaTxlcgGJpsbj+t8AGe4K9+uSOr3jvLg+Ay5tAq/s89Pp9pJejblhP+mMxUAdY2G227opvnG0cZZZWb96g8WlmhxGsAJTDDvVv0PA=="
      }
    },
    {
      "type": "Feature",
      "geometry": {
        "type": "Point",
        "coordinates": [
          -51.8514333,
          -3.3898917
        ]
      },
      "properties": {
        "tree_id": "Edgar_20260908011326_217",
        "species": "Cacau - Hybrid",
        "last_measured": "2026-09-07T12:00:00-03:00",
        "photo_url": "https://raw.githubusercontent.com/TrueSightDAO/sunmint/main/images/20260908011326_218.jpg",
        "status": "NEW",
        "submission_source": "autopilot-sophia",
        "pk_hash": "pk-MuEevuZ_mnN1",
        "program": "",
        "request_txid": "WyjFVnUT1DjhKJ5/Ivu/TjjEvbHtcas/lAlf0W+VKipTy5dwMRDmd6JUt5X9Lk9nllKVyigzM35c2FUCK1PNk/H/BF8oFAm3GxACZ/93jBJny75vDaR7lBZmLqiTAD67ZogAsrTOjpc5fnwwjTnsPTxjg9NMbqQtPgEDUPW7GPGLTP3BMwdlz56NMhzVBVvTG7hYwkBqI7DI8sxr7i3FAbBCi980Ju6dnzF+vuybjzY3KdvpTalZiWhmXLbeM6XA57cndoeuhc7Kb+siuwteBZn+1Myup49tJDBjOE8Acz82yEFEeQfPeHKr1UzR3x0H2DzlO/Gg+GflQ1QbSlOJrg=="
      }
    },
    {
      "type": "Feature",
      "geometry": {
        "type": "Point",
        "coordinates": [
          -51.8513917,
          -3.3899389
        ]
      },
      "properties": {
        "tree_id": "Edgar_20260908011330_219",
        "species": "Cacau - Hybrid",
        "last_measured": "2026-09-07T12:00:00-03:00",
        "photo_url": "https://raw.githubusercontent.com/TrueSightDAO/sunmint/main/images/20260908011330_220.jpg",
        "status": "NEW",
        "submission_source": "autopilot-sophia",
        "pk_hash": "pk-MuEevuZ_mnN1",
        "program": "",
        "request_txid": "ORF3v9um1m4FFEjtagJwSy27gdMxJgaR48/OZEWUQ4xAs2O1cCKUgSoVHjKD8os7MyzdvxN2BIfXAENXavjK4OIHc5FakzkqFJYmnGyTS5wYBfMY63BqpyO2XQ6UuCQwbIj0j+NeMmPfWJn/l18qUvEOdGqV7cwqJgTmgFxwatNpVcyOuTx/idIMSBEuyYhECKrdxKD+em5gHmHgqUSfiIRbOI0BXnNm0Q1Q34aWdkVHOAAZqY323S39xzQ4xC5TfvQyQENk9nZwiiSMUX0H0obAxbbzKJ6lPtqKEs1YnFyNwa4JybNtO1xwg+WHk6GuTR/0r5xLWsn5d7lScft/9Q=="
      }
    },
    {
      "type": "Feature",
      "geometry": {
        "type": "Point",
        "coordinates": [
          -51.851375,
          -3.3899583
        ]
      },
      "properties": {
        "tree_id": "Edgar_20260908011335_221",
        "species": "Cacau - Hybrid",
        "last_measured": "2026-09-07T12:00:00-03:00",
        "photo_url": "https://raw.githubusercontent.com/TrueSightDAO/sunmint/main/images/20260908011335_222.jpg",
        "status": "NEW",
        "submission_source": "autopilot-sophia",
        "pk_hash": "pk-MuEevuZ_mnN1",
        "program": "",
        "request_txid": "O2/90u1kSPODLWSEDNqys7Dan2Nk6UOOn2Z00zhpaA3HKnrbQPdJ4AXZgOYRzymWNUnDeTk0TUeslsh7fLbYJw1AoGxpOAP47zv/TBrnxLrjCpIijewvmahnD2cYf/i9sWBlO+qWGvh+/5qdQjXNk0Rr3in0JvIIiMFhO3QtKrzfbO3LWBNmgghdkBxZ5vBG0TsEdA1rPqp8RomXTTRD40Pg4c+xKaNqg6w6dc0H+ydKXvc1BeFskUEaf/5osxTRBs9VxyLoA39XxDEGD22OqlG0Kymw7hjDAO6Up7evtp2ywVF78IL+H1Pg54EUfoynt4U2jpB7w3TvfuLmVunvIg=="
      }
    },
    {
      "type": "Feature",
      "geometry": {
        "type": "Point",
        "coordinates": [
          -51.8514167,
          -3.3900972
        ]
      },
      "properties": {
        "tree_id": "Edgar_20260908011342_223",
        "species": "Cacau - Hybrid",
        "last_measured": "2026-09-07T12:00:00-03:00",
        "photo_url": "https://raw.githubusercontent.com/TrueSightDAO/sunmint/main/images/20260908011342_224.jpg",
        "status": "NEW",
        "submission_source": "autopilot-sophia",
        "pk_hash": "pk-MuEevuZ_mnN1",
        "program": "",
        "request_txid": "CSS4ZSq8tsudEF/offD9G1jaJlRwzO/JddQcDzaGn8wZ1gZ5z0u6M8Aon2rL50+w9p7gDGg2OtrcQGAT+JcPjuQKXJA0Fk1cKdT37FxOokgbf/2+uPjlFMSSyaruD2PWBRxR+bjMxIRIvJ/0m3HCugvDN4KMpQweNbDdwXqjqu6xXQBBy0ILMJkK1223dBUb2oFcFaGHwBrwv4rzT5QqyJLcuZcZwZUXOpdLcGK/9nHJAvPIHaRiQE2NrdKnrUAK/SErf9txXDxJ1HbzVpvlBTQXiqjOmc4aIJpw8IPdv8pfUcLx+MqbNs5p/z3qH6lzDkGd1cdh26OBL5G6faKynA=="
      }
    },
    {
      "type": "Feature",
      "geometry": {
        "type": "Point",
        "coordinates": [
          -51.8514556,
          -3.3901278
        ]
      },
      "properties": {
        "tree_id": "Edgar_20260908011346_225",
        "species": "Cacau - Hybrid",
        "last_measured": "2026-09-07T12:00:00-03:00",
        "photo_url": "https://raw.githubusercontent.com/TrueSightDAO/sunmint/main/images/20260908011346_226.jpg",
        "status": "NEW",
        "submission_source": "autopilot-sophia",
        "pk_hash": "pk-MuEevuZ_mnN1",
        "program": "",
        "request_txid": "IjX+1EMk4miYbj4HUxZ7P90pmKA4fi06K8VpiNIRlxIoD9IOuRRBFBDGmgxexGy6zHScpfrufbWeyLcL2BIUMKeZdUbzh1OE1rNnV05q0zuSEtC3qRDgYwNCCwCnKXkD4Ftjiy5DC9g5zfQmUFQSAvcpE8HlpxUljt8AJP7wQy4xBJB4JU6CzuOHIqdlCLBk3+nCDxQsVpkA94En0gncgdjhbo4psGb6hZQ/6KUSDN3LD4DurhnRoi1WnLO1opSxL0/RyMhW4HDRgj+kxiFCx9M7tpfAF9tMxguCMW7A59emhY/RVFqWxyGRdFlJfV2VwyxpwehUU7Kl32JWxXBKZg=="
      }
    },
    {
      "type": "Feature",
      "geometry": {
        "type": "Point",
        "coordinates": [
          -51.8517111,
          -3.3899583
        ]
      },
      "properties": {
        "tree_id": "Edgar_20260908011350_227",
        "species": "Cacau - Hybrid",
        "last_measured": "2026-09-07T12:00:00-03:00",
        "photo_url": "https://raw.githubusercontent.com/TrueSightDAO/sunmint/main/images/20260908011350_228.jpg",
        "status": "NEW",
        "submission_source": "autopilot-sophia",
        "pk_hash": "pk-MuEevuZ_mnN1",
        "program": "",
        "request_txid": "kmW/l5fnwZCHzkRj1R+ba4/CuTYCcCR69IlkiNqRIOontWomxjhVZEaKP/J4jOD9GiNwGzh5piOfcfIKpIIhkVGkfcmk5eX73n6wpR67rrfzDcLd3ToWKIRjXqiyIVRVLjdmBzGETvmVU5qgcgIVrfR1yB7emqzWmmpGTc00K580h/me81qF/GFp50BRiKP9wAqEYBqcqZWlle9DJ6VeRpD0b0NuyEOAxUogo7FtMVbpXk+W8iGDC4AjcJHBt6SSyiXf/nsZ4Xu46Y6R6kLvXNh4h2cxiyLbGZtz54Bo99g2+IHU1tZuN80N+miLliunH95kuRPF3Uv/quFxVRWfrA=="
      }
    },
    {
      "type": "Feature",
      "geometry": {
        "type": "Point",
        "coordinates": [
          -51.8527222,
          -3.3902
        ]
      },
      "properties": {
        "tree_id": "Edgar_20260908011355_229",
        "species": "Cacau - Hybrid",
        "last_measured": "2026-09-07T12:00:00-03:00",
        "photo_url": "https://raw.githubusercontent.com/TrueSightDAO/sunmint/main/images/20260908011355_230.jpg",
        "status": "NEW",
        "submission_source": "autopilot-sophia",
        "pk_hash": "pk-MuEevuZ_mnN1",
        "program": "",
        "request_txid": "Ptv83kqbX9YcJvtGkFz23slYnkUOBsr//WBqAhEbrP+HKqxlMsqyocAbEw/onLm8YOs8BUXogoVL7+hi12QfHpnm9cxY2cT9vzcbOmd39y6s7sD6XZIwMfFTrgCj6KrFALAoGEdsg+rhsFvuXl3yBezjezYlP5Glkz9JNOP2YPDw3V3vufKdqVfRGWwAF7vo+1NcRnMLfQJ0EYpeOrR+Bxlt8ufFPq5xfItgebwr2MUPG2WqZDksM6w2pckEzykD5U+zjt+hkEdrqreiZoLX5n5UL3JtJXjADM+jsr/fKC0WZQrOXpDFw+Q5ZGdO6cDZBqIEwz0xcKBKakhpLWJT+A=="
      }
    },
    {
      "type": "Feature",
      "geometry": {
        "type": "Point",
        "coordinates": [
          -51.8525583,
          -3.3899778
        ]
      },
      "properties": {
        "tree_id": "Edgar_20260908011359_231",
        "species": "Cacau - Hybrid",
        "last_measured": "2026-09-07T12:00:00-03:00",
        "photo_url": "https://raw.githubusercontent.com/TrueSightDAO/sunmint/main/images/20260908011359_232.jpg",
        "status": "NEW",
        "submission_source": "autopilot-sophia",
        "pk_hash": "pk-MuEevuZ_mnN1",
        "program": "",
        "request_txid": "ayyzgyumq86BL44IWAQzw1w3RkGf63ucw/1IOWYTEip6V/CGfvi9ngNdKvHANAU6Wdef0sByh/4unC/FgGkIAT9AATO4UZu9068TeQSueyBaF3r3ZD8r00sfaRNrPEkDEkkZ3ScB0o5pAkven0cx63gxhqlStAzn8x7aCPuhEsQtblX0+oh5uEV+nlE2HhuiBKuS9Gx+gS7zWk0q8u9d7L9bxBM7iHwQemVYprZ2jgN6Y9IeiXAcfCisEuxr4nywXIVX32i+8ju3mvMyebONr0jRiBVeu05vGW4OjaJMRULToTHUT9gdl6sWc7S3zWMxZcZz/5yra0n8rVyckF2kZA=="
      }
    },
    {
      "type": "Feature",
      "geometry": {
        "type": "Point",
        "coordinates": [
          -51.8525694,
          -3.3900028
        ]
      },
      "properties": {
        "tree_id": "Edgar_20260908011404_233",
        "species": "Cacau - Hybrid",
        "last_measured": "2026-09-07T12:00:00-03:00",
        "photo_url": "https://raw.githubusercontent.com/TrueSightDAO/sunmint/main/images/20260908011404_234.jpg",
        "status": "NEW",
        "submission_source": "autopilot-sophia",
        "pk_hash": "pk-MuEevuZ_mnN1",
        "program": "",
        "request_txid": "JBUW1XSomX4lWw0Pc+jrovoUMXglBj0CmAn+/dcYMYWB6YeBz2G4K1PgeYNFWEzo5FbeMFY7fJQIqfXtKA9IaZb9pUW40tk4Lo2X5HvDUpkV3d8o31ycVTekFw8kE0SLcf+fx7VW64WbVbFJx4+QW+/+vfsoCdHLzGJGGSpJnFdkW5d1NI5wdfiNY3FLJ0yzEuD5lJlsM8jaAIKtmDN7OhpcCJTzhJ2ajjK2k18nmSmp98ncY7oQTJWyNcL3WfaMzPudqh6l/iRzZuC4jKzYwoX+Vhix0QfS2fDRH0ygNeaztbevbi8dZpnNAyel3WNi5u1744TcnuSuTrXfe6zDeg=="
      }
    },
    {
      "type": "Feature",
      "geometry": {
        "type": "Point",
        "coordinates": [
          -51.8523722,
          -3.3898639
        ]
      },
      "properties": {
        "tree_id": "Edgar_20260908011408_235",
        "species": "Cacau - Hybrid",
        "last_measured": "2026-09-07T12:00:00-03:00",
        "photo_url": "https://raw.githubusercontent.com/TrueSightDAO/sunmint/main/images/20260908011408_236.jpg",
        "status": "NEW",
        "submission_source": "autopilot-sophia",
        "pk_hash": "pk-MuEevuZ_mnN1",
        "program": "",
        "request_txid": "EydfoXUb1ww64jOtgMIU67axA+6viNr4WEi8KaJxq9ksWId0Se3YgYpuC7KuTjXqG6+twT58mX5wnG0IM6gEujoQc9jFWYwe2bHPYwBVgXXsUa58Z0EXfABwj4jFl2/z/VmJl4J/KBSgZvsvvQ5zeiXjTzFoJQ9dLrF8ldkTLohaZMDic3e/W9kI8pmUOyzJGZtf4/5GMlx4DVx+lkkRyZtsCm4gaXN0zdyX0xzEc+kz1k4uRQN+a/OwtY8qM7rt8Lt4ilPUvU3+vGhrTjhrEEo720Qtf0CkUSmynbhLNFlulhgrmOsNSir5qxcEDrsg7f5giAzv6bJE5qdZgqLyDA=="
      }
    },
    {
      "type": "Feature",
      "geometry": {
        "type": "Point",
        "coordinates": [
          -51.8525194,
          -3.3897139
        ]
      },
      "properties": {
        "tree_id": "Edgar_20260908011412_237",
        "species": "Cacau - Hybrid",
        "last_measured": "2026-09-07T12:00:00-03:00",
        "photo_url": "https://raw.githubusercontent.com/TrueSightDAO/sunmint/main/images/20260908011412_238.jpg",
        "status": "NEW",
        "submission_source": "autopilot-sophia",
        "pk_hash": "pk-MuEevuZ_mnN1",
        "program": "",
        "request_txid": "W+1mnMjnqlofSRKG9Tf3jCvVLlTmQyvDrNTeYZn5lptSdF2Y+4uLjNEH3onn5XuD9VPzEIhTw5LgmWYxWldaM7/ElBH2uEopyLTxtMwoRCM9p8/JatnLEu1WYyMOWhLsxmciL7OP1dKwnG14eeOJ87rw5IBfAC78qUh7Fhn2xcq5xqbiw5R1xkjvDYJ42WCumoC+OHsRhStjcv7WPFq3OOy7+20vP8DCimq0vBM+zGROzj/iP5JsZDu1ocmJNFfiGCNzv1YKpuzwtazuJI+MrB8NjArFVKuTxVKrM3ioR24EvyPvBiN7FY8R1Vcxr8WMGOPgW9bwi/OSaawHEor/QA=="
      }
    },
    {
      "type": "Feature",
      "geometry": {
        "type": "Point",
        "coordinates": [
          -51.8526694,
          -3.3898667
        ]
      },
      "properties": {
        "tree_id": "Edgar_20260908011416_239",
        "species": "Cacau - Hybrid",
        "last_measured": "2026-09-07T12:00:00-03:00",
        "photo_url": "https://raw.githubusercontent.com/TrueSightDAO/sunmint/main/images/20260908011416_240.jpg",
        "status": "NEW",
        "submission_source": "autopilot-sophia",
        "pk_hash": "pk-MuEevuZ_mnN1",
        "program": "",
        "request_txid": "fXLrX/NGdkDao0ca+rbDcJw6OnhRjDiEzhoRo9p8Bq6DBxK5QDpg9aRlhfBQMbutdaQcPhpy09jpl7YEEadDz6ewwzZ618u6tzvCBPZy68dtcF5a3HcKgMkr8kukE/8yjncKtyHC0fC54X4kqUWkh7BGJ4gXSucj9U4cesDkL8o7EZ6UtyXlpOGCw+ZAkFyckhcrWregu/dMQleBQhG7qh43sRKaaUR3MIoiJWtlw73RG+B1goiD1zO0zkzD7ddWXYhbEmYxN5FWSxK7g8LJ9fjybO2ngboUPRaR4V4yKJR9YXcopUqOBykd+wWUAUsZ046msh/tnDaI2BfX2Ns8Kw=="
      }
    },
    {
      "type": "Feature",
      "geometry": {
        "type": "Point",
        "coordinates": [
          -51.8527028,
          -3.3898389
        ]
      },
      "properties": {
        "tree_id": "Edgar_20260908011420_241",
        "species": "Cacau - Hybrid",
        "last_measured": "2026-09-07T12:00:00-03:00",
        "photo_url": "https://raw.githubusercontent.com/TrueSightDAO/sunmint/main/images/20260908011420_242.jpg",
        "status": "NEW",
        "submission_source": "autopilot-sophia",
        "pk_hash": "pk-MuEevuZ_mnN1",
        "program": "",
        "request_txid": "bpOs66WxqrHjBGT5nrEXerFJBxYiUKHNzz5zOqcOsPC5ZdhYAWOMhNRImBFnWRiFrvqOgPRmo/z29yKakfN9WI1/XGEV8a3wRc0wzzu7BOH4QwO+rBJl22Ph7woeGOFHFflq2W26qYdtccG7do1IqECLkkQB8hiIGejV/36OIe24b9Gjz16BDeS2dbLts2hoWWQlmx+8Pr+BjE7W5ceBoWHmYp+s2cvsdt/VStaPt5WRf7ka5YrZAUQuDsxINeO1lgQQquh8DPfUr+YrI59659/kmNXgyoRcZuiadZ86eX90KSyncVwTklgceI3SGyptM8zPD9ucjXb+K2PZwFhyIA=="
      }
    },
    {
      "type": "Feature",
      "geometry": {
        "type": "Point",
        "coordinates": [
          -51.8527667,
          -3.3897278
        ]
      },
      "properties": {
        "tree_id": "Edgar_20260908011424_243",
        "species": "Cacau - Hybrid",
        "last_measured": "2026-09-07T12:00:00-03:00",
        "photo_url": "https://raw.githubusercontent.com/TrueSightDAO/sunmint/main/images/20260908011424_244.jpg",
        "status": "NEW",
        "submission_source": "autopilot-sophia",
        "pk_hash": "pk-MuEevuZ_mnN1",
        "program": "",
        "request_txid": "HPYlvuWGhkkcGMnTUVpP0wSEflsHQfJl4Ycz8vHR6Il2v8HGjnhUXFGPOQ4LTbqjf/UXe4BUbipGFoUNUe1qOWfm1mohlQgxvsF12qzbEkKVhbClrmkdaFDYs6bPq8MGL+VUT4k99mMxYsDQMKkkKFKnTDQFq8lqI52kqGCqGrr6GWDOo2w/GJWQfjFQeswE0jREtiH8coPlaxX05v+NdbQuaE2rggXVf/ntpOV8ur0bvvZ1YPb3ZrVRXcriMhASC3tBYXMd6jTzb0//e2yfS9zOtNBR/+7Z9l5XQRTJGH/O7j3vKtCMjm4TEZVUw0VDSTYJV05/2nyOS+tsUIpmgw=="
      }
    },
    {
      "type": "Feature",
      "geometry": {
        "type": "Point",
        "coordinates": [
          -51.8527861,
          -3.3897278
        ]
      },
      "properties": {
        "tree_id": "Edgar_20260908011432_245",
        "species": "Cacau - Hybrid",
        "last_measured": "2026-09-07T12:00:00-03:00",
        "photo_url": "https://raw.githubusercontent.com/TrueSightDAO/sunmint/main/images/20260908011432_246.jpg",
        "status": "LINKED",
        "qr_code": "2024PAULO_20250804_20",
        "submission_source": "autopilot-sophia",
        "pk_hash": "pk-MuEevuZ_mnN1",
        "program": "",
        "request_txid": "XrFyTY2nUzPo7cNuwWSY7sS3p9uPENnISIrT37pDGu1o33Q8T3GGRsurfrHE1tMqEqpOTABpVFAY/VVTAKXIEo2h8KYkfDhu/LSHlYMoLDRblR5Pgi1WedZASVOP7m4JCZC64CAHlFV25nrngDJAm0eFNPmsrQx33NyHa0W3SoQfYMcxM/l5OGwQvUQPV8MbJsbKdxV29kP67tHVOGVwh+SxDZjeQ4Bu2E/U0tan2PhqlWS0SaDhWIxb0fFzNbscCv8ICL9KjU1Kx663L8x4WXu7FqmwS5Z/KqSkz+b2r0lYHxQ1DI5LN6EH/i+101RIydcJr50Cr4DoSLcQNGpoaQ=="
      }
    },
    {
      "type": "Feature",
      "geometry": {
        "type": "Point",
        "coordinates": [
          -51.8526278,
          -3.3896722
        ]
      },
      "properties": {
        "tree_id": "Edgar_20260908011436_247",
        "species": "Cacau - Hybrid",
        "last_measured": "2026-09-07T12:00:00-03:00",
        "photo_url": "https://raw.githubusercontent.com/TrueSightDAO/sunmint/main/images/20260908011436_248.jpg",
        "status": "NEW",
        "submission_source": "autopilot-sophia",
        "pk_hash": "pk-MuEevuZ_mnN1",
        "program": "",
        "request_txid": "OXyeTwMELqATAeC5q+ymLGw0/IO3firrjoH9K7OgT3pN3h4hoHGe9TsdG6Orou5LnHpzE1KzUC8HB5ss4nTmhveiVPqz35f57HRD+KBzeoUdSfUSTg7DC4qBX7tkbOQfYwlXowwLO0+6PRKDiv6NPxYWEXifKyN7ifi/ivKa8wUwytPfJE6612z3IrqX5wwiliVhZ6bs/TKXCosf5GwZbP93N3fdGg/BWnoLPFd5qawheMFyr/6AE40FLhGNsTpIiWwqMetqfT416nmfcYrBvewyFkGA/f4v0qz4X/DUYvG6+GPtOQ3fTYi0VKuihZiK8u+UqCVNpWMii0dwXv/yHQ=="
      }
    },
    {
      "type": "Feature",
      "geometry": {
        "type": "Point",
        "coordinates": [
          -52.634933,
          -3.413931
        ]
      },
      "properties": {
        "tree_id": "Edgar_20260908192852_259",
        "species": "Cacau",
        "last_measured": "2026-09-08 15:09:19",
        "photo_url": "https://raw.githubusercontent.com/TrueSightDAO/sunmint/main/images/20260908_cleide_marcelo_cacao_tree01.jpg",
        "status": "NEW",
        "submission_source": "autopilot-sophia",
        "pk_hash": "pk-JO8Ojv5JKf41",
        "program": "",
        "request_txid": "kgLHOCQT+4D7IHObizZNWd3B+/8pVFyXUnTJl3/0d0CWIwfaSPqkYVBT9fUr1sJ4qdtjSRCkD4Q9+NnGjAArsbYkIyYeQDkMF1laPY/PWEdOdWaGuZg2qvR7D+Rxi0v5pgYCQ0bkwR5utxijHjKWw/mXWIp7kFSctjKdKhOhiaekr0v9MrfJvF2GGt2mUHFC2TQLEhVnsXa8PyXUvnBR9f4uNtjsIKHIbCMUbwDIl3RTJUai7OzJYcXMJzTsVEsG326aeSsGVrfqF/3lwIka03rc9UoFo9yICzLPuP6qAWqoxQkkNCAK0+ZJAq7wTPwV1oYa6emEXg8jTMg0jUs19Q=="
      }
    },
    {
      "type": "Feature",
      "geometry": {
        "type": "Point",
        "coordinates": [
          -51.103183,
          -3.557308
        ]
      },
      "properties": {
        "tree_id": "Edgar_20260910171200_353",
        "species": "Cacau - Hybrid",
        "last_measured": "2026-09-09T12:03:48-03:00",
        "photo_url": "https://raw.githubusercontent.com/TrueSightDAO/sunmint/main/images/96d595b2bb9340878daa041e53dc7051.jpg",
        "status": "NEW",
        "submission_source": "autopilot-sophia",
        "pk_hash": "pk-JO8Ojv5JKf41",
        "program": "",
        "request_txid": "re+BrVcUMBHCiBlydGu4/raRPRK1v0Bu2KpEfAthGNQlDoCNDHrVLDUA+bBk3fh6KqCrAFqT+atxZz2QD664iiX2slLsVBbSbiR6x8hfvNCxoI3LyeseGM9pStODtmpT1B60oxkVeoFcybXOLAU1QLskDhP4R5SpO0V7EC4ly0+LT08WRKthRlgqNKg7oBsYafw4kp7MFpIddEb7A/VN6tMEZtjyz5QpReqzxhGjoR65Amjxg9f1PcM8lmIz+YeU8iTqbebWWdqF51VjnX5E2erGRrZg0IXCEQ8JvknxavIEpXSuePdo7KuUkBbw1MyYAMV67SZyou8LiJ/+Vx1O1A=="
      }
    },
    {
      "type": "Feature",
      "geometry": {
        "type": "Point",
        "coordinates": [
          -51.033675,
          -3.609353
        ]
      },
      "properties": {
        "tree_id": "Edgar_20260910213054_373",
        "species": "Cacau - Hybrid",
        "last_measured": "2026-09-09T10:38:33-03:00",
        "photo_url": "https://raw.githubusercontent.com/TrueSightDAO/sunmint/main/images/20260909103833_5b9d50a4.jpg",
        "status": "NEW",
        "plot_id": "N-06-37_20260909_restoration_1",
        "submission_source": "autopilot-sophia",
        "pk_hash": "pk-JO8Ojv5JKf41",
        "program": "",
        "request_txid": "JMaSr0H3ueAOrzaOPQus9m4geqdNeyuMCMH3pGxY7vU77jUhDpQlgpp8hXUHjzzygJx/lHv8LLVZIJeFrG6wDsSwtHw6w8Tx4cqWlFXZ7G0Qakq6L+rx4lq3mvL0PG3XJhQyV+A+kJJ/ITnKOIG7UESLQINJlYeZf0DTOzz9AYNfxswq2szZdFoPjqcyTnPi7bsfEwimW3+CJ0f2BM1xIBorHEGrdRgOkDEZnKKgGQMJSGMqg5W2petKOnlxvnA0bCJTrlNt2i4HN9bYfRqqsCwkBNLF0x6ln5tr9yKUvhmNbnutQtXCcYhZptXIaH4G9Q+fs08z/BI9mqjyafSuTw=="
      }
    },
    {
      "type": "Feature",
      "geometry": {
        "type": "Point",
        "coordinates": [
          -51.033661,
          -3.609264
        ]
      },
      "properties": {
        "tree_id": "Edgar_20260910213111_375",
        "species": "Cacau - Hybrid",
        "last_measured": "2026-09-09T10:42:43-03:00",
        "photo_url": "https://raw.githubusercontent.com/TrueSightDAO/sunmint/main/images/20260909104243_625c775c.jpg",
        "status": "NEW",
        "plot_id": "N-06-37_20260909_restoration_1",
        "submission_source": "autopilot-sophia",
        "pk_hash": "pk-JO8Ojv5JKf41",
        "program": "",
        "request_txid": "NamcrzA1AnOtqHK8vtevRdmJN4869Nu2vnG9G3W6knWF9bcLD7f2rSE1Vq7g1ELEtOaUUmbCLnpVLRP/yzM3fYR+hgWR2Ogre4NEH6MV39Dcn3RtyxmMamf4TiO7ytzmeNQpoYGKdAtSTpNKuBSLiB/GonP2VLO0jo50QfA/dt4l+Ai3zTmsWrkemmp5L9WlZKJIbLK2mKCPyllsvLYuTpYEv5P3/yDSmQJjSizvgIpinXsWNcILjLl5mP7Wv9bwZH6AwCqBewNfjDIWKsvC8fNNmkditD836gLGcZuviP8hhchYhelqp9SJ3W6hZcFIv+87EBdcqxXLDIGyZlLhkg=="
      }
    },
    {
      "type": "Feature",
      "geometry": {
        "type": "Point",
        "coordinates": [
          -51.034175,
          -3.609242
        ]
      },
      "properties": {
        "tree_id": "Edgar_20260910213115_377",
        "species": "Cacau - Hybrid",
        "last_measured": "2026-09-09T11:04:14-03:00",
        "photo_url": "https://raw.githubusercontent.com/TrueSightDAO/sunmint/main/images/20260909110414_376f7da7.jpg",
        "status": "NEW",
        "plot_id": "N-06-37_20260909_restoration_1",
        "submission_source": "autopilot-sophia",
        "pk_hash": "pk-JO8Ojv5JKf41",
        "program": "",
        "request_txid": "Wep7tPokhwoROpMpAMA2t9cNWZyzEX5+pgvwd3ML/V6wnXQ7z6U/EqqMh4UBQhjFvlQUz6nu14ykBK4LjkjigIj9y5Z1Lyl0ZO7W+tVgiS3iJUuDpMns+/BXbPvUuDhXOb3+pg7xi4McHssdgkAsFi4c3zUvyM8VaG05UlGIPoi4RxFp9ulTLyztncNf0HUvpKWYI8D54SsSFOWnzEIcys8HWD++vbZRnibZa9Fmz57zgXvJzZxxu+eK5TeWWTtKNZUDHs+QTGTdorprzubxj4gd2Q/npFNr7uM74o1zyCII+TY11e9iAxHy9p18iuVqnlihRJCYlr+wQV4XVsF0lw=="
      }
    },
    {
      "type": "Feature",
      "geometry": {
        "type": "Point",
        "coordinates": [
          -51.033592,
          -3.609283
        ]
      },
      "properties": {
        "tree_id": "Edgar_20260910213119_379",
        "species": "Cacau - Hybrid",
        "last_measured": "2026-09-09T10:50:34-03:00",
        "photo_url": "https://raw.githubusercontent.com/TrueSightDAO/sunmint/main/images/20260909105034_87eb2018.jpg",
        "status": "NEW",
        "plot_id": "N-06-37",
        "submission_source": "autopilot-sophia",
        "pk_hash": "pk-JO8Ojv5JKf41",
        "program": "",
        "request_txid": "cKnJdih3VXaJ2eWnwT6WBulLb7EIAbbvIVXwExU58vGOG6zuaogAXLLS6SjpwUsuYsP5fJQT1pzQdQotIpKEb5c4bSVdqRZyxeyjswodJQd/vF8LsyCeCiuqylaScqzeFMgIFPe2XN2SCZtVdbRKGJhi1w0IBVX0tn+PYNw9ECDvN324zxF/UBFW6lmOSa9hV0nzEgWeyyFeGsUy2mA75jCyLepGnWEWcuYocIr8vdu+5Mn4w1opTxMP32f3xuXM8iQ9ApGlsUxd2BsRCRdgzbpR6Xws3tW3xp1KKPbDj7gf7YeB/CIeo4U9WDDB041goSIsC2PvXR/IuTI7CmDtfA=="
      }
    },
    {
      "type": "Feature",
      "geometry": {
        "type": "Point",
        "coordinates": [
          -51.034236,
          -3.609353
        ]
      },
      "properties": {
        "tree_id": "Edgar_20260910213122_381",
        "species": "Cacau - Hybrid",
        "last_measured": "2026-09-09T11:20:36-03:00",
        "photo_url": "https://raw.githubusercontent.com/TrueSightDAO/sunmint/main/images/20260909112036_e4b1c2cf.jpg",
        "status": "NEW",
        "plot_id": "N-06-37",
        "submission_source": "autopilot-sophia",
        "pk_hash": "pk-JO8Ojv5JKf41",
        "program": "",
        "request_txid": "Adq78bis1g85EmoXqp0+we/VwyqAfgrEv2A6MNX7XrlqKMe6wvvxuFVlQnRT5OEtxWDIVrDJJodH0kcrGrNlRBl5f1Tln2/oM8BGq+Um6gdbWWrgNaRlKLyQwOUwWtSk3IwvkiI4dd1F8jE29kiYulJ7Asj9TuTcOjB2gBHden79CTwc1bMmOlj4K6jE84UOuLpMG88stWZ7TXPTzy/q4s032Tvgs74Jmx9kcd1LpO82D+4aLL4m8W4NEB3tmXyzYLN9CgTLS2A/gxmZq0myC5gMr6XNePcM2LMzf6IB9ygnOuU5tcPSSqD+moUaVYSPG5T3i4BKJmyiwCkNBOX1AQ=="
      }
    },
    {
      "type": "Feature",
      "geometry": {
        "type": "Point",
        "coordinates": [
          -51.103175,
          -3.557314
        ]
      },
      "properties": {
        "tree_id": "Edgar_20260910213126_383",
        "species": "Cacau - Hybrid",
        "last_measured": "2026-09-09T11:54:50-03:00",
        "photo_url": "https://raw.githubusercontent.com/TrueSightDAO/sunmint/main/images/20260909115450_55a98845.jpg",
        "status": "LINKED",
        "qr_code": "2024OSCAR_20260121_1",
        "plot_id": "CR-PA-P2",
        "submission_source": "autopilot-sophia",
        "pk_hash": "pk-JO8Ojv5JKf41",
        "program": "",
        "request_txid": "L7WAybzumxpJlhnD2n4KH/X4hY5/ptPCZ5snh/xEYSJTqUctgipu27TyulTk4d6+nYLuSIO3x25fgNVBBoKbz/XhYsnzUzEUgiXswAuNyTOBKULbN0ClXh5rIjPjdcyvtB2yqpi6BqXLohIPFbSQqf3luyJcr3ycB1Ksytd0PN48kcz84yK1kydL5rIPHS9Wx2kY/j7xdRX1h4wh49Yol/4mPqB5N6gcprWErk6ZLuXfAtL/CM7Lgix795IHuXtLhk15v6YNXHY/wvQCObf8EJlCP8RLVxfc4LiokNtx3HRVwhvNk3FEuQnUDKxS8WKHPKalQgxsTwaHYAwJASW79g=="
      }
    },
    {
      "type": "Feature",
      "geometry": {
        "type": "Point",
        "coordinates": [
          -51.103533,
          -3.557775
        ]
      },
      "properties": {
        "tree_id": "Edgar_20260910213130_385",
        "species": "Cacau - Hybrid",
        "last_measured": "2026-09-09T11:57:20-03:00",
        "photo_url": "https://raw.githubusercontent.com/TrueSightDAO/sunmint/main/images/20260909115720_d1899316.jpg",
        "status": "NEW",
        "plot_id": "CR-PA-P2",
        "submission_source": "autopilot-sophia",
        "pk_hash": "pk-JO8Ojv5JKf41",
        "program": "",
        "request_txid": "ec+hxXK1Dl6a6/qYM2ul8OTCKU7Zu8YZFwbJMcwIbFO5mXyCQkBXkRSjxGi8I1q029oJWzII0bj59CrPFj/z2PkzHmDJbMdGOGRWm0y81z6pp59eTxImEYVG638p7KVAdbRQd0QhchkjrlKhT2rZ38BaJ7Qt1ybs080VMnb0tmwwnOMywYsBJQFHNQXuFaj3ASQwjC+YrBoXQ8NPnoaoqwX2j2N2WHGWwzfMnbpjmWC10ouoBJY9tBMgxlAfsuXxtMSSQIqfIuUN1Sv6TW3TiHL5Ef7ClsnjiXAAtv4wX9LgKpHO1GzKfa7GMz2ki9W3J7S8IDK52J5cm0J7hw5tpA=="
      }
    },
    {
      "type": "Feature",
      "geometry": {
        "type": "Point",
        "coordinates": [
          -51.103642,
          -3.557842
        ]
      },
      "properties": {
        "tree_id": "Edgar_20260910213133_387",
        "species": "Cacau - Hybrid",
        "last_measured": "2026-09-09T11:57:37-03:00",
        "photo_url": "https://raw.githubusercontent.com/TrueSightDAO/sunmint/main/images/20260909115737_f03e90a3.jpg",
        "status": "NEW",
        "plot_id": "CR-PA-P2",
        "submission_source": "autopilot-sophia",
        "pk_hash": "pk-JO8Ojv5JKf41",
        "program": "",
        "request_txid": "U8pctNLIZCjHZIlKhlcWAChqIuzqvt3JifdzfQOcAvKrgZdqvHaDUAenJsz3Kj++ij11gqnHQUKOEBnak0UnfYEIuaEHhCDmMlib5TdgLcEx4Vh57X9PKqrxFMYRoSgpNCs5wubkCPKnHSaKK21w6ae6GwK93WOPENe+eXTrYPgVNYrBKrCFB6kgUbMYX+lO8/2oVG3wpH5vLKOkmhQiMexzdqSuB/q/62k+YIsVzI+9xhNSzvdz+2XteFMxY/slwCmgeHQNT06iWAEyRfNHkMhPYdTphImAkUXH2Ixx4lQk53hhgWrsqcZwDfWzbr5/dORRELE0QK6neT05EiteEA=="
      }
    },
    {
      "type": "Feature",
      "geometry": {
        "type": "Point",
        "coordinates": [
          -51.104167,
          -3.557819
        ]
      },
      "properties": {
        "tree_id": "Edgar_20260910213137_389",
        "species": "Cacau - Hybrid",
        "last_measured": "2026-09-09T11:59:10-03:00",
        "photo_url": "https://raw.githubusercontent.com/TrueSightDAO/sunmint/main/images/20260909115910_2bcb7ee0.jpg",
        "status": "NEW",
        "plot_id": "CR-PA-P2",
        "submission_source": "autopilot-sophia",
        "pk_hash": "pk-JO8Ojv5JKf41",
        "program": "",
        "request_txid": "Ee00zPp8OVLyXBbqjqBoGxRTwhypY1ER+CosBFyt9uFIxQsts+Iov1rYjjeCu4crl9DhGUUHhzjn0K4FO60n83aRRHH2lf5M5v3JKTcuNV4vBmSq35DyiegPjjDipSFZ3ZX5IoR1S3Cc5Mf4snkA59l9l37K698az8sR4b8VGsqzuIYYnj9qA31NVsF42SimwHUN8c/LNAy2Zyi+1kL0RUhAbubixK25GSpV9yqe3OJ08sBlvsPcP2XycH3PUd6Es3lXdg7eVedSqCrMsob1OAqSwlVtQcWZm+Er90p/pkf0WtgYhCs35vEL4Z+gKsfe+vAGy1v5PIkIQMW1LQBDKA=="
      }
    },
    {
      "type": "Feature",
      "geometry": {
        "type": "Point",
        "coordinates": [
          -51.104106,
          -3.557758
        ]
      },
      "properties": {
        "tree_id": "Edgar_20260910213141_391",
        "species": "Cacau - Hybrid",
        "last_measured": "2026-09-09T11:59:19-03:00",
        "photo_url": "https://raw.githubusercontent.com/TrueSightDAO/sunmint/main/images/20260909115919_d1e3669d.jpg",
        "status": "NEW",
        "plot_id": "CR-PA-P2",
        "submission_source": "autopilot-sophia",
        "pk_hash": "pk-JO8Ojv5JKf41",
        "program": "",
        "request_txid": "UdH8h2f6G9Qr9afqisNhVOB204CvJqy+LufXP0ch0doL/FTJBwOEkQnSZJSE4XdeX6KyvR/7xZN2kyP8v/taFSUkvILQ7tIOd6J70nagEs/VvOkDhfyYxmJk0VWeXTPZnr/iwchh0cbKUlsaaQ9SPBf7ffA/xSndbk+KvOwm7EGQED05IA2VdJi5JJCu1hNirldEa7th3IhNi9/RdJDCW47f/Rhb6TW++hXB9o4n0tl0DvDnhR+vmiGmOFlsDol6k/DvIDpLSmRmUomIJ3CPRaATmkeEplqktkMg0rRDGLvYiepIpC/FnMvBZ67Wv/AtvOZ7/9ne7FBZuw4ay/T/Kw=="
      }
    },
    {
      "type": "Feature",
      "geometry": {
        "type": "Point",
        "coordinates": [
          -51.104233,
          -3.557103
        ]
      },
      "properties": {
        "tree_id": "Edgar_20260910213145_393",
        "species": "Cacau - Hybrid",
        "last_measured": "2026-09-09T12:01:05-03:00",
        "photo_url": "https://raw.githubusercontent.com/TrueSightDAO/sunmint/main/images/20260909120105_3bbb7750.jpg",
        "status": "NEW",
        "plot_id": "CR-PA-P2",
        "submission_source": "autopilot-sophia",
        "pk_hash": "pk-JO8Ojv5JKf41",
        "program": "",
        "request_txid": "d1FE1JgLcxRXMaxiYHoL9vXbljQeF2nIXW94kC3J371b7Vw3W2h2cRAdkANJ4q7NAHDdRjNwOuetZH9RC7KbbBx8dUPuA4B/XKTSYeirHDQl6BCvFuxABdBma8ws4IOfN0GkKfeSnWlt5nlXChRIOqbu4W7CXU+Pv5wTcpMX8JoSQO/43D748ibf/wUHhx/UQyadzkj7DsbvTmcRbls6bNlkYfWzRVYV6jVqxY9RblAalmVJeOdeNgkQ+3GX5ia4pB26I7Co1g8dZEtIHuc3WCT37CzAov2iTfiKXj7vbMrHMZ/u6v24xz7ZSgDoikGhWb3BXiFMGiQ+Cf6a6oxonA=="
      }
    },
    {
      "type": "Feature",
      "geometry": {
        "type": "Point",
        "coordinates": [
          -51.103875,
          -3.557189
        ]
      },
      "properties": {
        "tree_id": "Edgar_20260910213148_395",
        "species": "Cacau - Hybrid",
        "last_measured": "2026-09-09T12:02:09-03:00",
        "photo_url": "https://raw.githubusercontent.com/TrueSightDAO/sunmint/main/images/20260909120209_4b62dd3a.jpg",
        "status": "NEW",
        "plot_id": "CR-PA-P2",
        "submission_source": "autopilot-sophia",
        "pk_hash": "pk-JO8Ojv5JKf41",
        "program": "",
        "request_txid": "Y0SHQUZoFfJ8HMS0bWWx0aQAlFYkYqaxkH/mlgNAT1uUsxpWh0NOYnzNhl4SgSzPyf4c6hPcoNMspsTY9sxMZEVYIhS/Uat2U+WK+wdGdeKxfBZi6e5OFKom6TQJ5V/snjIYwhom7JgmJgAqpEq+qb2tFUBqlQG+gKJSisckVbRvcVOgafaNx+jPMNkS+zHKZI9LmBrShfzVNHiGKXFCPTnRcXjs5xNMTnT2s/fa35aQtks3B4UIVDmfvXJkRYlTqc9JEMqXyuhA7G5Sa++/SNAMjXVgLfEz1XRkMbeYb5yQ+Ol0ygiCC60S6C0NAthwelObAzAcjtpZ00F7r9ZPnA=="
      }
    },
    {
      "type": "Feature",
      "geometry": {
        "type": "Point",
        "coordinates": [
          -51.103547,
          -3.557206
        ]
      },
      "properties": {
        "tree_id": "Edgar_20260910213152_397",
        "species": "Cacau - Hybrid",
        "last_measured": "2026-09-09T12:02:56-03:00",
        "photo_url": "https://raw.githubusercontent.com/TrueSightDAO/sunmint/main/images/20260909120256_0297dd5c.jpg",
        "status": "NEW",
        "plot_id": "CR-PA-P2",
        "submission_source": "autopilot-sophia",
        "pk_hash": "pk-JO8Ojv5JKf41",
        "program": "",
        "request_txid": "ZaS28Okx5nrZ2dIIvMppH/6P4InC9hqR6nC57QMxSMa7RLqaQolmcx1f8itX8H5LxyVLKaATLGy4j8OllMTodt8x6CJ3sEL751miRfzbHRGj/fQe+wNd/alP4438A7j5/KrRlu01cIzQ/0E/6gjWlppjhvrWzVow9lJwnWYlXuPIs9TLAJGYrjFUaxtZEPrTQty5vm/10SNiHs8/zgDaNq48aKq0p6I0sFkY2pvCLUhkfD9Z1YpnY83saxKVxL6VA0+svTBF5kCznJLLJa+T8gl5+ifwgbEHHwOUAE8I3VmIEItURHnY3C5q6qJo679JWPEjTqdEB/IjZEuA0QkKlA=="
      }
    },
    {
      "type": "Feature",
      "geometry": {
        "type": "Point",
        "coordinates": [
          -51.103328,
          -3.5573
        ]
      },
      "properties": {
        "tree_id": "Edgar_20260910213155_399",
        "species": "Cacau - Hybrid",
        "last_measured": "2026-09-09T12:03:30-03:00",
        "photo_url": "https://raw.githubusercontent.com/TrueSightDAO/sunmint/main/images/20260909120330_590ed044.jpg",
        "status": "NEW",
        "plot_id": "CR-PA-P2",
        "submission_source": "autopilot-sophia",
        "pk_hash": "pk-JO8Ojv5JKf41",
        "program": "",
        "request_txid": "rHyXFv/syf0SHt08Y/M3tVCzSXtd68O/vmAfInRgXWpxEUs1/CYUp9npK0RPZEG0duSuxWWoPxayhAAtgxRJx6XOLPQVvya+jWdvWn56RMxWPttoQDCFfgF5mqm/eusf7Fe0g7f0ZEQSECxXH4hJvcpQNvYuKQokfN+sVU4Td5GXkgGod4H3ff5aNVDslly4n6g6mHUztdnPvj6OTaiBiykNmDoTxksRmcRfPTzDj9VxaIZzZNBFibF6LxoF5ZrdH/hfkQF8csiT+WXvU99OwZZjr4j8veT6Z/JO8U7Ux+oLqE3UJzcx+YdXRa7HcFhlM1PqL2rtAkTYC1rwo+6xSA=="
      }
    },
    {
      "type": "Feature",
      "geometry": {
        "type": "Point",
        "coordinates": [
          -51.103222,
          -3.557306
        ]
      },
      "properties": {
        "tree_id": "Edgar_20260910213159_401",
        "species": "Cacau - Hybrid",
        "last_measured": "2026-09-09T12:03:43-03:00",
        "photo_url": "https://raw.githubusercontent.com/TrueSightDAO/sunmint/main/images/20260909120343_9984b3cb.jpg",
        "status": "NEW",
        "plot_id": "CR-PA-P2",
        "submission_source": "autopilot-sophia",
        "pk_hash": "pk-JO8Ojv5JKf41",
        "program": "",
        "request_txid": "LhzJnxQ8d/K9uObq9d7P/H/c4WC+crZrZb9dhBKVWjPN9K03/RIJYqAX8Rp5+uXyRUKtbkIUH6Yn8GF//T9AkqsUjAtkKYP7rhFmiTg8CqZPecTDNc+QyMQ2qP0n9vzI2Spv7Y2pmpvPKhqTt9QbPkNXsEnQqaPggeDJO4lBU3q5Y5MxOo8aNk0dVWFrMyww+vzyYIDy1N5HKaklchf/8d8Du4S5QgAtZ2Euk8sYpoZNhUk7hhr6Ze3PDQRiaYsYKcHKC3u/W21ogymHjv/Y0qRIQlAJZl8ijmCmIBrejG3mQFxYQVsADUBt5il6WMqYPpj2IJFyiXtjG/JTnTA42Q=="
      }
    },
    {
      "type": "Feature",
      "geometry": {
        "type": "Point",
        "coordinates": [
          -51.145286,
          -3.539358
        ]
      },
      "properties": {
        "tree_id": "Edgar_20260910213204_403",
        "species": "Cumaru",
        "last_measured": "2026-09-09T12:42:00-03:00",
        "photo_url": "https://raw.githubusercontent.com/TrueSightDAO/sunmint/main/images/20260909124200_ca3a9775.jpg",
        "status": "NEW",
        "plot_id": "N-06-66",
        "submission_source": "autopilot-sophia",
        "pk_hash": "pk-JO8Ojv5JKf41",
        "program": "",
        "request_txid": "ijHYGThvp9I22Hy9m7Muw3Cdqf85teTT2g+YzUNNT3NSPekNBX0rFnW7B7e37YrNHZd1EVlqEs7p+VO0wGXPL/0xYpTUnUNdAgKRR/l9P6c3/3WGtfEOHJjWkyl5nRakab7XWR2zQqvPx0qAHIR6oZwE6HmaDHuyRqNkKDvzW6yLqVJfXnp+WwUfxFhJ6W7Z3+dYRu4S5D0eymFFGTqllqOZUnWvkjitXb4IaKwI3NHWNJSeIO7iRwGtIJoghHKX25rFjbWZcwFfHRGM71dSb5WnOLPIekoNMXESJzoKxYqjbA5qOoLnTDqzlnolJ5viom62dAY/ugkIHj31e8cjPg=="
      }
    },
    {
      "type": "Feature",
      "geometry": {
        "type": "Point",
        "coordinates": [
          -51.145336,
          -3.539158
        ]
      },
      "properties": {
        "tree_id": "Edgar_20260910213208_405",
        "species": "Cumaru",
        "last_measured": "2026-09-09T12:44:55-03:00",
        "photo_url": "https://raw.githubusercontent.com/TrueSightDAO/sunmint/main/images/20260909124455_25affbf4.jpg",
        "status": "NEW",
        "plot_id": "N-06-66",
        "submission_source": "autopilot-sophia",
        "pk_hash": "pk-JO8Ojv5JKf41",
        "program": "",
        "request_txid": "X6EPEKIrEb9ZmoyWP5SqH+8efEjymoPSZ4dEyMUxy06pUG1l2ZBktoN5M+vC6t/NoYRaQeBUvXIDMFcpLHpOdJd1A6uo2BiYfkKXj7XhfnbL4hV7wTuwtzfb/JWuwsgj2wmaUldILD1+Edhg2uDXJe0QzmY4sXUSKzUrRvR6gwqqu3S0zcoKwXV/TeGWvQNuZAERuUyn57WUURkn83sGyByINO45Th6vy7F/7C6LGYdOTSdmbFoa8f6uUTbDm7hSANRtOIfQ50ppyb4KZxHIf8tZ4sEW7b35gZa5de/UqpDAXxji+OL7I6cf1JxdWBfFB5C5s5/DdMn4e7LtIlY0xw=="
      }
    },
    {
      "type": "Feature",
      "geometry": {
        "type": "Point",
        "coordinates": [
          -51.145467,
          -3.539186
        ]
      },
      "properties": {
        "tree_id": "Edgar_20260910213212_407",
        "species": "Cumaru",
        "last_measured": "2026-09-09T12:45:30-03:00",
        "photo_url": "https://raw.githubusercontent.com/TrueSightDAO/sunmint/main/images/20260909124530_f829f2c6.jpg",
        "status": "NEW",
        "plot_id": "N-06-66",
        "submission_source": "autopilot-sophia",
        "pk_hash": "pk-JO8Ojv5JKf41",
        "program": "",
        "request_txid": "M2lcrhVuq6J8X3nRsOi3Ap+6IIkJEO97CF0FhoXz7j+mRLiXm4pAsHT23CYLC4nKzPgqaoE7N1b+zcgYRdJpt9iE+CEzeBbsWxxw8zhg3Bha8KPc8ibV3o63lbX4Qha3Lyus7NLrUI2k7kS/0qbh8Zk6aYjsqhfMmt+uLIPPVs2g6ZQK3JHHl1S0AW9aceuJzS8c97uhZzSE02wnWzXjZHtWiDmqGT/AaKExqH2zK0um+AzNwO2ZzIjPAr/rdguzi0i4LKRTS13DqR2KIBz9IFsm4Xwf+5XPvIBSueJgoG9ny9DvLUXSmKfOWmXN0vvG9DgC3hTQEQdAFovHUy3xcg=="
      }
    },
    {
      "type": "Feature",
      "geometry": {
        "type": "Point",
        "coordinates": [
          -51.145503,
          -3.539325
        ]
      },
      "properties": {
        "tree_id": "Edgar_20260910213216_409",
        "species": "Cumaru",
        "last_measured": "2026-09-09T12:46:14-03:00",
        "photo_url": "https://raw.githubusercontent.com/TrueSightDAO/sunmint/main/images/20260909124614_8a47d86c.jpg",
        "status": "NEW",
        "plot_id": "N-06-66",
        "submission_source": "autopilot-sophia",
        "pk_hash": "pk-JO8Ojv5JKf41",
        "program": "",
        "request_txid": "Qi7WtyplXaFQ5RRIkVSgWvCqMbtoR+8Wi1Ezgv7LggjJ05VEfhNmjmJoxVmMBB0K+DX3b5gVWQMqGHRWlK6c99IXSnugCA0bIUhrjm1NLrdE1W1fcE63VsJ/FxU5/L0CVLJewHoHkBggYrh9i+KT4znFtIEBFI+KwRnzgWj67cwmqP00lQK4PmuMXZC2KhpL0I2CTCviXIICaTPG67EV5l5vscWWYWGX8NRqprCynXec/FTWxM59pngrJBzOZehC02U8dJfM6nxtWkKRMAoREkK+UJV/Gf9SGX+7DHeVR97rsqTH/tFuAd3b9yx/aGP1joyM769n20Kk5vc+bM3rNw=="
      }
    },
    {
      "type": "Feature",
      "geometry": {
        "type": "Point",
        "coordinates": [
          -51.145542,
          -3.539478
        ]
      },
      "properties": {
        "tree_id": "Edgar_20260910213220_411",
        "species": "Cumaru",
        "last_measured": "2026-09-09T12:46:53-03:00",
        "photo_url": "https://raw.githubusercontent.com/TrueSightDAO/sunmint/main/images/20260909124653_4e018749.jpg",
        "status": "NEW",
        "plot_id": "N-06-66",
        "submission_source": "autopilot-sophia",
        "pk_hash": "pk-JO8Ojv5JKf41",
        "program": "",
        "request_txid": "IeP8s0uvr1wdRUnLmdGT0w0k2BfxiCtBAQRek0OcL8F7FxwOQDuv831Q34RSEpKkCe55Tzr8WZ1nAnp1Z2soqR7sb8lRGCRjHYi0gmy+fiRzDTBfUw3A2K66/ISwFnj9LgpSQWKxl34lDUY+Qw5qHXs8krk7m2uxj+lZQdAioW79kEXxFVsbiqNOJEbrs5gXErRNBq7KyOvEjfCoGGmEm00WXVXj7dcUjRYDlbfqvsT0U9ClhDSandZw5pmNNUSY4DUqfXkGr4jVSc+xPjWf2oMXChXKcMVKFaDf49HiezzIJCv4MDOTTpmHdt/t+sMEKeM5MYvu8+wNeUsOW2ZfbQ=="
      }
    },
    {
      "type": "Feature",
      "geometry": {
        "type": "Point",
        "coordinates": [
          -51.145469,
          -3.539433
        ]
      },
      "properties": {
        "tree_id": "Edgar_20260910213224_413",
        "species": "Cumaru",
        "last_measured": "2026-09-09T12:48:13-03:00",
        "photo_url": "https://raw.githubusercontent.com/TrueSightDAO/sunmint/main/images/20260909124813_3b7e3bcf.jpg",
        "status": "NEW",
        "plot_id": "N-06-66",
        "submission_source": "autopilot-sophia",
        "pk_hash": "pk-JO8Ojv5JKf41",
        "program": "",
        "request_txid": "eiAcWuOwwTbpXLELDSNNi8vP0sPX2dgv0ADNEOoR4vhDkNjeSki1tW8FMx6OYeFYLwP7ZzpihGlpEuH8qINl+T7yCSVApGU5iVpFoCXHeUNufN8ytXBCRkScEHmmCYQ5KzhorpqNhpKmhjI2Tdf1qvlxtwASA3QZ1ZCjfTC4nBUrdd0SuHRcVwfPBY8aX5yhVhVsspLQYFSCCzbFHod+KfV0s8OZf+sGt6zD7xlt232foagGS3BW1mv1PiUe/DT6qVafPY7s2gZqQCn2hYJmdM3w6ax3o/kJzfKGKEMPP/v1H9xVLXNZ8N6CRcR58Yah6gsyR2XJ6RagMcRgZdSurw=="
      }
    },
    {
      "type": "Feature",
      "geometry": {
        "type": "Point",
        "coordinates": [
          -51.145469,
          -3.539647
        ]
      },
      "properties": {
        "tree_id": "Edgar_20260910213228_415",
        "species": "Cumaru",
        "last_measured": "2026-09-09T12:48:43-03:00",
        "photo_url": "https://raw.githubusercontent.com/TrueSightDAO/sunmint/main/images/20260909124843_a568ee06.jpg",
        "status": "NEW",
        "plot_id": "N-06-66",
        "submission_source": "autopilot-sophia",
        "pk_hash": "pk-JO8Ojv5JKf41",
        "program": "",
        "request_txid": "eR3lQ+Es2jvZed0CXF+GIX6MNAv5J0PCYYeFFjkARUMDGQyi84LeXUfkWs5mGVh4MYU+KhKObeA9KI9Xehi+/Upe1ZJNE/8KdlVZHMvq9FjhhS1fr+J3CuH5omLVR0Mfvh7H/iTT+h92+Gd0//rbxk6skbHWpP7kgzUxoaqfkRsVdLt0xqQtr7MsRCYz8xoU9aWJWgqrOqKtv5laoBKD6U37TVuMhLtLi2NolpwJZbLcibgXb3n2ucquIx3vTjspN4KmHOd6keDIuwwXb8zszVhuOdqBJXr+nokDRolKg+ZfSzTlCrqMy3I8dMN5QAryGNXfkh4asPOdiR6atqtaow=="
      }
    },
    {
      "type": "Feature",
      "geometry": {
        "type": "Point",
        "coordinates": [
          -51.145011,
          -3.539972
        ]
      },
      "properties": {
        "tree_id": "Edgar_20260910213232_417",
        "species": "Cumaru",
        "last_measured": "2026-09-09T12:54:36-03:00",
        "photo_url": "https://raw.githubusercontent.com/TrueSightDAO/sunmint/main/images/20260909125436_3ab14b18.jpg",
        "status": "NEW",
        "plot_id": "N-06-66",
        "submission_source": "autopilot-sophia",
        "pk_hash": "pk-JO8Ojv5JKf41",
        "program": "",
        "request_txid": "uZCUB4KeCx9LftK/M4vj+50AZoCr25bxGsW6jTKd2tiejrBNViHRKWZsf/PLLaWi7kQaO/1NFyqys2VcmptJoMgPaQoJUbYnZtf1qODD/qWuekm4lcSh31Bqu6v32CvO/OGMcDmxnneaeUfMuhJFaIXBeTXiaOgtrkYt4v6GWkVBVFRZqqV5c2FgGNnw6Pc+b3kf0bvCTUrIHOnfu3Pfcz3Vpd2MhRI8XCSBar+i0KbLwXoY5YO9x0Nf16q3YNWqbXcccN6l8T/W1nBOkoPzq4h3EJCaFb09ju2kPwbOJTwO2sX7XH9GMX/dM2631C/QegVoIRBJxqXmLlEVuW5hbg=="
      }
    },
    {
      "type": "Feature",
      "geometry": {
        "type": "Point",
        "coordinates": [
          -51.144553,
          -3.539456
        ]
      },
      "properties": {
        "tree_id": "Edgar_20260910213235_419",
        "species": "Cumaru",
        "last_measured": "2026-09-09T12:57:36-03:00",
        "photo_url": "https://raw.githubusercontent.com/TrueSightDAO/sunmint/main/images/20260909125736_82967a1e.jpg",
        "status": "NEW",
        "plot_id": "N-06-66",
        "submission_source": "autopilot-sophia",
        "pk_hash": "pk-JO8Ojv5JKf41",
        "program": "",
        "request_txid": "KCqcHFS432U09KNf+RdzQ77gzhYRrtr8n8KI6YR3wuYrM8ac0gWkV5wIvLGwIAxVnqdOqtN37o2F7F5hc0Iu6IqiszlBrHAka+3k1V3spG2YJXTPwGk9G0NA8FEwWYiU1HfsRimb+rCbd0sfGRGukSqQe312mENmnJlZliWN/sXqDR17r+fLSU7scwFjTfKtWoV4xLZ/Uq4srfJ3I0nCKuU63VS2KhOhpN0fKoz6/o3BrVtr2fjBLiGOK9rfxFrQ51e3kw+6s8kbY15ZuBMPOEYDdNoo/3HkNFMEC7shsM2WKzOO+WR1kG/QPsuDKssl5+jfi/g7HSOZ0teg5YK6DA=="
      }
    },
    {
      "type": "Feature",
      "geometry": {
        "type": "Point",
        "coordinates": [
          -51.145114,
          -3.529844
        ]
      },
      "properties": {
        "tree_id": "Edgar_20260910213239_421",
        "species": "Cumaru",
        "last_measured": "2026-09-09T13:21:37-03:00",
        "photo_url": "https://raw.githubusercontent.com/TrueSightDAO/sunmint/main/images/20260909132137_89a2eed9.jpg",
        "status": "NEW",
        "plot_id": "N-06-66",
        "submission_source": "autopilot-sophia",
        "pk_hash": "pk-JO8Ojv5JKf41",
        "program": "",
        "request_txid": "CH/vuwVocTU4Qx/aR7RA1J6nTbwABQE5bXSMH+XtulMBTWyXt8zTaplsx+qp3QDq6TbKErd1MMY/7n+t5Cntpdnute7L/tawpd2pq1QZt7PjN8WPJePLwTX2tqewmpyzRAU/gBxaSJHDIJ1myO8LgllUJ+3ACh+NOX2quXOdoPWuERQ5SKotesQHFn5iV61gOjGwSEftdtW9zEaL8ksLtFWDx7DbzdexLYTmxaGgcRxX4ogAidD6i5E3JepaqxWzuVZmrcxlgNawE5u/Aj7CCrgym9ck4bVqkfZF6NCHL50yamxFyf+wJMlCXZlDwg1loHBzfK6iaHwIUEctMn+Nmw=="
      }
    },
    {
      "type": "Feature",
      "geometry": {
        "type": "Point",
        "coordinates": [
          -51.5749711,
          -3.5229198
        ]
      },
      "properties": {
        "tree_id": "Edgar_20260924003104_023",
        "species": "Cacao - Criolla",
        "last_measured": "2026-09-24T00:31:02.776Z",
        "photo_url": "https://raw.githubusercontent.com/TrueSightDAO/sunmint/main/images/20260923213102_MIIBIjANBgkqhkiG9w0B.jpg",
        "status": "NEW",
        "submission_source": "https://cfr.truesight.me/",
        "pk_hash": "pk-qkejKJJW3IAD",
        "program": "crf-anapu",
        "request_txid": "YgyO2UUE9IQ8m2hXh7RrDtjEhDpYkc00WP3Ubc8Mtqhjckjy94jPnv3J1VqlIhMZ9wZocMcQCIgKVwEcArM704RBuiaQEpPWuy8N+NboJZ58r1U2w4xmu5bOAz9P33JrVGAzJTFyWPqr37LUhJnIajJCLl21z96BfWefNwZKweHOuyXbETvOrSxDyHxTuMk6F5riRKOj8t7uCS7VuM+CZ/yRt5N1rnfuL8qPelbK72jwdCfmTrH9eGhGr6rU4RsdcQWwHzqC/a+PuvWfq32y3413u+AU7RLxieK3+wGKlgtBtwak1a/NNqSILIrUwJnioGn44gz9DoHfpuHWnMikQg=="
      }
    },
    {
      "type": "Feature",
      "geometry": null,
      "properties": {
        "tree_id": "Edgar_20260924115448_047",
        "species": "Cacao - Forestero",
        "last_measured": "2026-09-24T11:54:37.778Z",
        "photo_url": "https://raw.githubusercontent.com/TrueSightDAO/sunmint/main/images/20260924085437_MIIBIjANBgkqhkiG9w0B.jpg",
        "status": "NEW",
        "submission_source": "https://localhost/",
        "pk_hash": "pk-Ee4aYLRkptun",
        "program": "",
        "request_txid": "V6TR/I6pJ22defy/OZ7XC7eDjNCB3aQjoD29x3iI2KYbA8Ob+QcF3/j1t4hJnchucoX6dak/9OK2xz/0KvvzBFOY8/jayOZibmdL7uzN/0rRQolRU3bFPiMOjYYzXmV2cPfwX/I7u77GERSl2se4kElNlOZNw9BxLxKNOoVEd1VJ3YhWpND2LfIdUWwwvGavDwVMxJEw213o/5YdclYFC9Wil9SqbeJe8fynxyhrACZYx6MzQHfwp+RM9NI31mlZNOkUkhER9YA1Fq2ZmeWD8qp/eb3Kt4hsL2z/jY3LF4NhJ5T5F+0IpMJflyZJTObXIiI49S5AYTVW0bfJH5JkPA=="
      }
    },
    {
      "type": "Feature",
      "geometry": {
        "type": "Point",
        "coordinates": [
          -51.5744182,
          -3.513513514
        ]
      },
      "properties": {
        "tree_id": "Edgar_20260924122114_057",
        "species": "Sumaúma",
        "last_measured": "2026-09-24T12:20:58.945Z",
        "photo_url": "https://raw.githubusercontent.com/TrueSightDAO/sunmint/main/images/20260924092058_MIIBIjANBgkqhkiG9w0B.jpg",
        "status": "NEW",
        "submission_source": "https://localhost/",
        "pk_hash": "pk-Ee4aYLRkptun",
        "program": "",
        "request_txid": "F60DiG7aozEY1iFT/fWRYq9xWR9bvv7i/i3XCEdzMSaIsYlC79Lw++Eji9y4QQ+YM+xr5YdZTIBv7odBV4gPTBoxHs1/mp8aDOslXPtpyHmpsqlw4SbapBCxbG11qO0FDbLwe7ZN2OyfF6YUu4NEemoqmTyNX6ZJWpfNQBHB8lOcRXpoogUIX4CnEkJfW4p9dZ75dszXWiY/o+fihfw6ByL2VZ/N+ruEStJwGy0s59tM3TYBfnvcCKj5/8QJ2hyoOKron1bZQNTmeQL85ghQkowToHlTdqpJAzd5ncmlkP5t6WH6sBV2V6om/gAOhJicHNWck3b90v/C8obYd6vTOQ=="
      }
    },
    {
      "type": "Feature",
      "geometry": {
        "type": "Point",
        "coordinates": [
          -51.574835,
          -3.522933
        ]
      },
      "properties": {
        "tree_id": "Edgar_20260924124101_069",
        "species": "Cacao - Criolla",
        "last_measured": "2026-09-24T12:40:57.860Z",
        "photo_url": "https://raw.githubusercontent.com/TrueSightDAO/sunmint/main/images/20260924094057_MIIBIjANBgkqhkiG9w0B.jpg",
        "status": "NEW",
        "submission_source": "https://cfr.truesight.me/",
        "pk_hash": "pk-qkejKJJW3IAD",
        "program": "crf-anapu",
        "request_txid": "d3igEoWQAtvhdQnBzV/rrpG1NPdRkkA57nbnWXti2ZbDSTPkJ1qzqQ+WV43b1eAQpaTcx6g0lV3EaT7fqnof7u3lxRnzJBhyIqzPlNUgZPUN5tBCtmpUnYB31Yi0W0C1PTh6XivAz7lqZejTXWD8ttw6uskP83RrpN68H6ZIlmABUqxtLveUN8TooWjt4Lqb58lmAbtH/sUe6mgfho1ewI4cKzwhkW7ubJfrCg7dby7taZyJV95VwNrwtVrKtaaXJwx0qwSRqoCaXq8h0QSp2IygjQrIbXAgpzG640wxVv79B3hMlc+dOcR/UXY/c92BQpn0bNVGb2CDK/z7AogMhg=="
      }
    },
    {
      "type": "Feature",
      "geometry": {
        "type": "Point",
        "coordinates": [
          -51.5749729,
          -3.5229204
        ]
      },
      "properties": {
        "tree_id": "Edgar_20260924125541_071",
        "species": "Cacao - Criolla",
        "last_measured": "2026-09-24T12:55:37.725Z",
        "photo_url": "https://raw.githubusercontent.com/TrueSightDAO/sunmint/main/images/20260924095537_MIIBIjANBgkqhkiG9w0B.jpg",
        "status": "NEW",
        "submission_source": "https://cfr.truesight.me/",
        "pk_hash": "pk-qkejKJJW3IAD",
        "program": "crf-anapu",
        "request_txid": "dAw6xFhrIvCQf9PeJ/Aij3lxNfnKYbZzzc5R0rRBka6234U/pyz8ZmvWcn8aIIBqS8tby9glMxpFugMuByg2wf1kYKIQnzuAF+j9WkkrUGAEbsr2rjxdqW19+5T8f4frrpZUUfCmAZQGNHQoM4I/Hbw2IVjNffT+8yUDuv2OwGcsNRq04EvLv0MpT8K/EysGlcCNIG73P45Ew7uC5Az9hlj+WN3fLwu3R/v/uk2pJUCbAWs7azHnkqRnrPM8M3pVFOKfyDhg75Cmpt9X1vOY0WG5QiKbSDoZ9NxsFb2Nb3wVdCG2wpaAZKZQ/5B2hQj18272v0UCgbWx8O56WXjXbg=="
      }
    },
    {
      "type": "Feature",
      "geometry": {
        "type": "Point",
        "coordinates": [
          -51.574812,
          -3.522803
        ]
      },
      "properties": {
        "tree_id": "Edgar_20260924132202_089",
        "species": "Cacao - Criolla",
        "last_measured": "2026-09-24T13:21:58.395Z",
        "photo_url": "https://raw.githubusercontent.com/TrueSightDAO/sunmint/main/images/20260924102158_MIIBIjANBgkqhkiG9w0B.jpg",
        "status": "NEW",
        "submission_source": "https://cfr.truesight.me/",
        "pk_hash": "pk-qkejKJJW3IAD",
        "program": "crf-anapu",
        "request_txid": "tJHEoM3azU2sgesmWTJLD5gAgwWewBOqX8htWe3BHvCPicGC2qa90X1ZsyRfePedN5Gsw6zY/KVb0wlNevCaLqPLHDAL6Ne0bZ+kuONLga2V6eY8uXin6ReVm9cC8gmTaz+z2vfIf6QZY7JLm6eNtHq4pLf8JAnyL/6DGn+s4RtynLb5ptt5MzsNFOkRbOhzC4Zu4w2zNRhfh5QP5GXsNfXkj6FqksHkFg39gbK1rMjnmNm7HSSS65GR6d7WKLsFR0Fy3q/zQtTTKjtNAftd3ia8Je/WwjwQkAys2koFTshxpBJBfKu7fl4H5RvsnyXMnI0SlqMpiuxPxKYkqCAJww=="
      }
    },
    {
      "type": "Feature",
      "geometry": {
        "type": "Point",
        "coordinates": [
          -51.574812,
          -3.522803
        ]
      },
      "properties": {
        "tree_id": "Edgar_20260924132231_091",
        "species": "Cacao - Criolla",
        "last_measured": "2026-09-24T13:22:25.134Z",
        "photo_url": "https://raw.githubusercontent.com/TrueSightDAO/sunmint/main/images/20260924102225_MIIBIjANBgkqhkiG9w0B.jpg",
        "status": "NEW",
        "submission_source": "https://cfr.truesight.me/",
        "pk_hash": "pk-qkejKJJW3IAD",
        "program": "crf-anapu",
        "request_txid": "azHRNrHmlSh6lM4QMRpJOsujWBGEtfDhtElHOq/ar20Ui5VaY56+ERaFBJWnCraH0VGT2zAH7mCFaVLmw7DBUTzJsXk64BOJVoMDPVXtRZUheFiNJKTVEizFTLaQlvd6chVnt9fWohN7H0mZBT6YeAC0NpC9Alglw/cT3KP+Ov4EQHnXL6pXHqq5q1ICjeGRtSji5xueJoItjZjKjJDiwa9oisp1lcbmEZE2YLPmli2+FeeictB2wm5N8hkKihlwoYM0OtMkvypEPj542uwj3vwHu38IY7zpmhrsUy4pXboNqkOfY2mAVb1wjIY3cB0TA075Wc+m+Kz6TK26PlG6nA=="
      }
    },
    {
      "type": "Feature",
      "geometry": {
        "type": "Point",
        "coordinates": [
          -51.574812,
          -3.522803
        ]
      },
      "properties": {
        "tree_id": "Edgar_20260924132244_093",
        "species": "Cacao - Criolla",
        "last_measured": "2026-09-24T13:22:37.962Z",
        "photo_url": "https://raw.githubusercontent.com/TrueSightDAO/sunmint/main/images/20260924102237_MIIBIjANBgkqhkiG9w0B.jpg",
        "status": "NEW",
        "submission_source": "https://cfr.truesight.me/",
        "pk_hash": "pk-qkejKJJW3IAD",
        "program": "crf-anapu",
        "request_txid": "YFw1oKVOBqi9PTVapshr+esUhInYi+70m1gNZHAH+7PG40Fi9NUYCLRpvLXBcUHb5pFdu1WMb+SD4+FJ/3tZVZFZrgFGuUeSEXQc8azj8fLUHmGoz6ZB9Wbu780zz5W6vn1S0JUD8xJ4sYBjAytBQUZ2/Z6EtAPRXojkGympNthz5NgVCXxI7vWRgUjK+xGl0iL9FSm2t6dHPlzXbxz2qLs+QGaE4a9SQJ3cAADw7zxjBfdvf4ZLEUPp35kN/jkcgRlQLoSAtM5y3iugjVijxCFZbPfaU90b5wFgI8LXWzLyHr07ERD6M0Mf4dyb93cGcAyOaa+3XcYxxbqjTuu2ag=="
      }
    },
    {
      "type": "Feature",
      "geometry": {
        "type": "Point",
        "coordinates": [
          -51.574812,
          -3.522803
        ]
      },
      "properties": {
        "tree_id": "Edgar_20260924132306_095",
        "species": "Cacao - Criolla",
        "last_measured": "2026-09-24T13:23:00.459Z",
        "photo_url": "https://raw.githubusercontent.com/TrueSightDAO/sunmint/main/images/20260924102300_MIIBIjANBgkqhkiG9w0B.jpg",
        "status": "NEW",
        "submission_source": "https://cfr.truesight.me/",
        "pk_hash": "pk-qkejKJJW3IAD",
        "program": "crf-anapu",
        "request_txid": "gwfpJ6CVcyiKfdz0GmYt73TJosi3oYN74yzmpJYKpBZxiNoH4hseu1IRWkjkcT5HplGnBpDstu90Cq2AJmVTatWdSY5Vn1+bJpz61EhOKo7H/MNwRTuhieedbej4z+Bf/P4f65FAY9790DOgdqd5sCCZTSvkZhgGSawKdB2ifgWaqYgHcWen8U7/3fFbriHj/4eLoZ7G1hgr+tjXghn8jLNaYrRDQ6tyKbkBDm8b+l0jnsIPz+uRKhjYtZYG28B+2XdT5wM/nGrD+AkDg0m8tfYMkOGxTWI5yf+sm5XPU8EmNHVkADc2N9/GIDT2vB542OEn0vE3dIpoVIfBa5NSJg=="
      }
    },
    {
      "type": "Feature",
      "geometry": {
        "type": "Point",
        "coordinates": [
          -51.574812,
          -3.522803
        ]
      },
      "properties": {
        "tree_id": "Edgar_20260924132318_097",
        "species": "Cacao - Criolla",
        "last_measured": "2026-09-24T13:23:12.484Z",
        "photo_url": "https://raw.githubusercontent.com/TrueSightDAO/sunmint/main/images/20260924102312_MIIBIjANBgkqhkiG9w0B.jpg",
        "status": "NEW",
        "submission_source": "https://cfr.truesight.me/",
        "pk_hash": "pk-qkejKJJW3IAD",
        "program": "crf-anapu",
        "request_txid": "XweVMjuWgx4HEBWCXgr/L/BOHKRJ+P9NRXp9cJHsgwhLgzYVIX9YhtX5Z3bm9qgbC3gQUWgk9+7XRzcJ/9luPbjjqwV7eTyM5iYluB3uBF3jkwW7V9HIXMcfPlURWAQ2AsVETR5Z37gKOFEmEiYFjpeY6zKWLCskfPfcRQOSW7tVIEEyrR9/UwlhYE1AJPAlzKbRFjrGxSC0y+PeTBvJJFS/soOG9jy0dO45Zq8/+wX4Rn18KIMtOgEAgSRpU6YipsWrhX3A253upGgMM4e9lurL/nbgPtjVGlpDNz1zaoz79rbRBK1QnJNc0OO9Qxura0JfwbjASkLGGR2HZBOTQg=="
      }
    },
    {
      "type": "Feature",
      "geometry": {
        "type": "Point",
        "coordinates": [
          -51.574812,
          -3.522803
        ]
      },
      "properties": {
        "tree_id": "Edgar_20260924132334_099",
        "species": "Cacao - Criolla",
        "last_measured": "2026-09-24T13:23:30.111Z",
        "photo_url": "https://raw.githubusercontent.com/TrueSightDAO/sunmint/main/images/20260924102330_MIIBIjANBgkqhkiG9w0B.jpg",
        "status": "LINKED",
        "qr_code": "2024OSCAR_20251011_2",
        "submission_source": "https://cfr.truesight.me/",
        "pk_hash": "pk-qkejKJJW3IAD",
        "program": "crf-anapu",
        "request_txid": "jp+WwIjxFGPt3M946Eov4HjrHAfAYkY26QLapuOmbz0WUZ01HJ78YnocBTkp6OceUO+vDi5oC7GeAS4QjFYumJadrFO9VvfZ/uFX7QlyuZnqKQzcagthSYMcWu3HjLa2iEepZb/K5c5t3xiX1/TN2zvR6pbS53JZI3o5Jvkixs2Tlhx/IVEk6/roFzF91D5tDRMDl+4Nrfi+SHOAIcAzT4tn4V78MVYQovSSMIHWYiJDNCz5aHHBZBfMh1NEgvPzmjFvekdchRa8tN1x55M2r9pR8wEm0uhH+CmcEUScvMjZ5+QH85cPWNsGM8haxnV5PHFjcpaKU9URs7jDr1EZEQ=="
      }
    },
    {
      "type": "Feature",
      "geometry": {
        "type": "Point",
        "coordinates": [
          -51.574781,
          -3.522895
        ]
      },
      "properties": {
        "tree_id": "Edgar_20260924132409_101",
        "species": "Cacao - Forestero",
        "last_measured": "2026-09-24T13:24:01.854Z",
        "photo_url": "https://raw.githubusercontent.com/TrueSightDAO/sunmint/main/images/20260924102401_MIIBIjANBgkqhkiG9w0B.jpg",
        "status": "NEW",
        "submission_source": "https://cfr.truesight.me/",
        "pk_hash": "pk-qkejKJJW3IAD",
        "program": "crf-anapu",
        "request_txid": "WRR7aan4+sH/e4OygveH8n5sKb0q/WMQkoFmXpVdJp/k9fh2TOO6qj4ZlYEc3MrhdbYvefUru+dih8ohILG/W7pOuRxJ3aaZ3F6TzlLnDwsucZUwtzJ10ETg60CT6U1unA5MnKL6JWh6R8a/iD6DsVoTNh2S0mxv9CShjuG4j3XvgjHRMBFI7f8zPEu2zWcoMwdetqxO1C6gUHyyKyCihR5UxwyYa7rbh0SO7aT1HiSR4oJR/l4GiObSKQc5485LbflAwvJlJlGnElUE4tTtDgDuAsNWf6o74gPcedMC8WvQDlXM5g+Y+ods/uYXvqiWCtnjvm7qo+aDN4IR6zhiDA=="
      }
    },
    {
      "type": "Feature",
      "geometry": {
        "type": "Point",
        "coordinates": [
          -51.574781,
          -3.522895
        ]
      },
      "properties": {
        "tree_id": "Edgar_20260924132440_103",
        "species": "Cacao - Forestero",
        "last_measured": "2026-09-24T13:24:38.440Z",
        "photo_url": "https://raw.githubusercontent.com/TrueSightDAO/sunmint/main/images/20260924102438_MIIBIjANBgkqhkiG9w0B.jpg",
        "status": "NEW",
        "submission_source": "https://cfr.truesight.me/",
        "pk_hash": "pk-qkejKJJW3IAD",
        "program": "crf-anapu",
        "request_txid": "pb1J70Gq657QqmTtrW/E+KEHEuqkHDwTKl0ImpOWN5z59utDUH6lmlaY5nyz1aDJ/wMDOI0TO1X+es8HPv9IZRoKK90Y6ynteTgw7oGC+IXgJLqWQAiKLShaBJP77UWh5UB5OXH1rAqXMBAYjKBl/BMeCHNy3hFkfa7fHNRF3/4rpqzoPjkdcwrJdSjBf2T4YQEOCS8yINbQGhHsV5QT0WCqrIVN/Ibml7wTtdWG0qDh1ZXrkAMdnv7Nrkfd7sshVfmig+Xh0PUwmA+OiInbG4gkpJ+OmA9zj1BeRLvxW63T7bkGk5tRY14n019AGHay2pqMbf6RFjq27rtQVBVfXA=="
      }
    },
    {
      "type": "Feature",
      "geometry": {
        "type": "Point",
        "coordinates": [
          -51.574781,
          -3.522895
        ]
      },
      "properties": {
        "tree_id": "Edgar_20260924132457_105",
        "species": "Cacao - Criolla",
        "last_measured": "2026-09-24T13:24:54.734Z",
        "photo_url": "https://raw.githubusercontent.com/TrueSightDAO/sunmint/main/images/20260924102454_MIIBIjANBgkqhkiG9w0B.jpg",
        "status": "NEW",
        "submission_source": "https://cfr.truesight.me/",
        "pk_hash": "pk-qkejKJJW3IAD",
        "program": "crf-anapu",
        "request_txid": "Vcc93vhpdQy5jkmNr+ffhAsqcwN7H6WXFG++Y+R0zkN+AeozMCa65dYch8PamOHtNTN8E3eI1PMJ8Lx8SeVjgfgxhJe9XpENda7yml5iQDGDU2Vkg8ptIhjiXP9ekoCDmMti5eX0ODK3n1p+2dxDPj5OCDFPRJlncSx14xlwYIx8I6lrTtC7XqcMgJuZhkQ1dQRHZWEz0vlbnGpMplsDisU3n6wMU2zA/X36rX8i4cChZTMh000QiF+0eS7KETC9bhODDnRVNdsVYGW/yten60dle9LuGyVbfQsLsXDP0FGeOsomFLhppN98v1I4Sx9mS+ckAjKSetKoZRi6ezZcjQ=="
      }
    },
    {
      "type": "Feature",
      "geometry": {
        "type": "Point",
        "coordinates": [
          -51.574754,
          -3.522983
        ]
      },
      "properties": {
        "tree_id": "Edgar_20260924132618_107",
        "species": "Cacao - Forestero",
        "last_measured": "2026-09-24T13:26:15.891Z",
        "photo_url": "https://raw.githubusercontent.com/TrueSightDAO/sunmint/main/images/20260924102615_MIIBIjANBgkqhkiG9w0B.jpg",
        "status": "NEW",
        "submission_source": "https://cfr.truesight.me/",
        "pk_hash": "pk-qkejKJJW3IAD",
        "program": "crf-anapu",
        "request_txid": "VSK+MIxZcf22trAhFSuxKsxTR6pOuu9O3CuSRsF20ylpSM3ZtnIAjXFLaUcWe67elGZVwzh58N8q4/ApcjRDMvP7i2PS3ywTzFsjedF94AGqVdrdDR+TVM3D2C6axlgfMA5w7Goh4aX5SYp+vH1lD4aJh5qwKw4KJ1wQnRpffqb619iDcMhaxM3f+/t6QIUQkdEkMycqbiBm5intROr/R4hjO7MzKle45lQLsun4hdDUTkNuLUkQ8wsW/7ErA0Oud1h2LtXtFqG0sHB2pbsJueGVZ9/7WlbUeZQvnKekyMzWyllczs/iF1PZL3qkbadWFvjsTnH87eHTOVICUlgZkw=="
      }
    },
    {
      "type": "Feature",
      "geometry": {
        "type": "Point",
        "coordinates": [
          -51.574754,
          -3.522983
        ]
      },
      "properties": {
        "tree_id": "Edgar_20260924132701_109",
        "species": "Cacao - Forestero",
        "last_measured": "2026-09-24T13:26:58.974Z",
        "photo_url": "https://raw.githubusercontent.com/TrueSightDAO/sunmint/main/images/20260924102658_MIIBIjANBgkqhkiG9w0B.jpg",
        "status": "NEW",
        "submission_source": "https://cfr.truesight.me/",
        "pk_hash": "pk-qkejKJJW3IAD",
        "program": "crf-anapu",
        "request_txid": "LgwgsQ9DHe4Qx+Cfw6Y9T6W4Xwbgffkc6X5U1TU6LhKk8Cxxv1Uz+jlvrw45a+kgdmKHu4JlmShGDtUNBXrLb/R8DXTYev40FkjBbpLmn6l5MHQccHJMCv49SYSK3dO5atsVrFt+YAHeJjjtN8mK6Oc/3zWxgMeoXez/6C86EtQbR2qIxXa6BBi21lcOOjD3CE8hEZHE6InSjvQcXVBH0/QC5H9TOf9MzuTyeTC47Nrefl0twEY7GCc8e7toW6PdfBEZP4i1Zh0NOuOpv5OlkkVUuHkCZCE5VS84uBvBXhJkOs2JLRMIwP5UvOPgrCzj67VFFTD2doyELpLdSDKiqw=="
      }
    },
    {
      "type": "Feature",
      "geometry": {
        "type": "Point",
        "coordinates": [
          -51.574754,
          -3.522983
        ]
      },
      "properties": {
        "tree_id": "Edgar_20260924132734_111",
        "species": "Cacao - Forestero",
        "last_measured": "2026-09-24T13:27:31.877Z",
        "photo_url": "https://raw.githubusercontent.com/TrueSightDAO/sunmint/main/images/20260924102731_MIIBIjANBgkqhkiG9w0B.jpg",
        "status": "NEW",
        "submission_source": "https://cfr.truesight.me/",
        "pk_hash": "pk-qkejKJJW3IAD",
        "program": "crf-anapu",
        "request_txid": "CxSlFq7RuxycxGqIylxz+woiO8KHWWuzPOLCeiPRKlmDMkBmOLOnhleUYGnA88kcrs8KuYKkkq3Q342t5so+NaB4kf4cs6L2lv/oxe3OL8DgiClcUWXfXih6n1NWUoxTjecogHo8shC2pqnlnj5TaykwAGzvyqJZPBi75/N39y0gLExmgkSOuJWNPcbXp17Nrhjxls4cDDmLfnmBpYqgZpxpA/fFpOUskSDxBfmHR7O952r38dTt05n2truI0iusyrXK1gkg6Uu8R5/kzLrylKmK14c+QjNpbrIAHy/l5p3GVDS2sjf1o0HmN6LAdIKQaPFPI2MTCIycQitSy0XPBA=="
      }
    },
    {
      "type": "Feature",
      "geometry": {
        "type": "Point",
        "coordinates": [
          -51.574761,
          -3.522891
        ]
      },
      "properties": {
        "tree_id": "Edgar_20260924132801_113",
        "species": "Cacao - Forestero",
        "last_measured": "2026-09-24T13:27:58.947Z",
        "photo_url": "https://raw.githubusercontent.com/TrueSightDAO/sunmint/main/images/20260924102758_MIIBIjANBgkqhkiG9w0B.jpg",
        "status": "NEW",
        "submission_source": "https://cfr.truesight.me/",
        "pk_hash": "pk-qkejKJJW3IAD",
        "program": "crf-anapu",
        "request_txid": "cAnN09aXnzSQtRVjadzaq1Gg/qk0Kal0CGPymVt8spn1ihwZybYZBaCo5rsYaan8z9U6yi9wGT1/0fufhVnPhEuRgfknN7GSazGlqdC9k+5NuS/T925cOsc0dQqkHVCI6VmdAWStHffNbxyTNngLDxCCQko6SdTDPcMMYrgL768Rq5+SA0CHZQD5REi0pUMknaIwcYpzjH6pBzOTuYBMmeI+sCTuPfIw+PRIPbECcDzbaBT34h3iCUSx59Fmmgj9JOaLOSOCXCgHvp85qnlFDqFFbH1SEL5JxCZSLnqfIFMt0Pop9n5HtR/3lNhYyqUS0xJbz7fc11C/zy+mRg2lBA=="
      }
    },
    {
      "type": "Feature",
      "geometry": {
        "type": "Point",
        "coordinates": [
          -51.574696,
          -3.52296
        ]
      },
      "properties": {
        "tree_id": "Edgar_20260924132821_115",
        "species": "Cacao - Forestero",
        "last_measured": "2026-09-24T13:28:18.631Z",
        "photo_url": "https://raw.githubusercontent.com/TrueSightDAO/sunmint/main/images/20260924102818_MIIBIjANBgkqhkiG9w0B.jpg",
        "status": "NEW",
        "submission_source": "https://cfr.truesight.me/",
        "pk_hash": "pk-qkejKJJW3IAD",
        "program": "crf-anapu",
        "request_txid": "ArJpA+lBDHTqwd189fj83yeNXT8EXrcS58VxnH/Cp87ePJqQbcCCUpHtAbYXLXr11by9joX5Aqa+Cgws7ihUBheiZI7eASI/4Lss4Wh3qFPRc63plGYlvc3/Hsr0Ldh4ky1gYYI+gej8LN0lJrdL/x9BwD0hkAJImvmP10SO5XiSa54bCJr4VnZrejkaGDtkFyAQtJ65LjJ9G4d+KguGFO3ahCSPA3kK7i4SB6ZIuSfpSAcLwm3c1qcqedgDmdFoOrvuwKdQUUwED4B5r0v62rBvE8Cr4IPmBJmcd/oyqQ0CadoPFIywx1M99nKjSzglOCLaGkt2eDcxdjftNtaSuA=="
      }
    },
    {
      "type": "Feature",
      "geometry": {
        "type": "Point",
        "coordinates": [
          -51.574696,
          -3.52296
        ]
      },
      "properties": {
        "tree_id": "Edgar_20260924132850_117",
        "species": "Cacao - Forestero",
        "last_measured": "2026-09-24T13:28:47.742Z",
        "photo_url": "https://raw.githubusercontent.com/TrueSightDAO/sunmint/main/images/20260924102847_MIIBIjANBgkqhkiG9w0B.jpg",
        "status": "NEW",
        "submission_source": "https://cfr.truesight.me/",
        "pk_hash": "pk-qkejKJJW3IAD",
        "program": "crf-anapu",
        "request_txid": "Ue+j2agnMMG6Fn4G84P5uGXifnbrPcSuGRZvlfFyXBl+KNdiVU+cl2kptpalqHgIUCSzdrnGC71qmyU8u3EH/po+zbqattCVDgPSFP1rFFN+NL0Y98ksXyW7tRHCcBxtTxaNx4Fwkxz78ARY/1xghiRm6nuTixovuwQLEyd0bSWU/OzzpwrGRLs6MAfvcWj7hHLBnerTPrk3KnFJ8QOhbPJhIdUAUYF8VDW490RiozuBkG/Fn1hwxfAvdimoq7sZ3JA5/w+ueMk2ChppLOIW2oi2x6OUT1AUGDhYhQlH1+W4Moo1TrbhH2QlMM3ZjrOMxTphI81vf5VUo/VyUp1Sfg=="
      }
    },
    {
      "type": "Feature",
      "geometry": null,
      "properties": {
        "tree_id": "Edgar_20260928203759_087",
        "species": "Cacao - Criolla",
        "last_measured": "2026-09-28T20:37:55.586Z",
        "photo_url": "https://raw.githubusercontent.com/TrueSightDAO/sunmint/main/images/20260928173755_MIIBIjANBgkqhkiG9w0B.jpg",
        "status": "NEW",
        "submission_source": "https://beta.sunmint.truesight.me/",
        "pk_hash": "pk-Jg5S50VZ7HZS",
        "program": "",
        "request_txid": "Orb7KlyqdpszL2/FbsuYMGVgiA9X5A5kkrdbKvsa7XZf+dTLoyptlPNR43mDpI1FA6fgh9NQ/spazGecbNDnzMPmE7lnkymYBmwb/n/qW/kzEk3HgPfVorxST7Gp2c65Cks5WzKKHLzpOC0XN07VNB/u8EkKFP5++PZ/+x/ouylY0ccOcagRfyw/0zrtWGKeqGZpgHzTlppH6SO8lFGRQTCYRH+7iyN+E6DSUEHxyrHq15rDXmHPabq6WKsYMFXJON9TpUwPDj8bvQ/GgI9XkIIquoMipASdDrXOnezUuUD/VRu9geNYrNqaVZIJDoeTXX8UPbTCXSUYTHOMEZKWiQ=="
      }
    },
    {
      "type": "Feature",
      "geometry": null,
      "properties": {
        "tree_id": "Edgar_20260928203818_089",
        "species": "Cacao - Criolla",
        "last_measured": "2026-09-28T20:38:15.098Z",
        "photo_url": "https://raw.githubusercontent.com/TrueSightDAO/sunmint/main/images/20260928173815_MIIBIjANBgkqhkiG9w0B.jpg",
        "status": "NEW",
        "submission_source": "https://beta.sunmint.truesight.me/",
        "pk_hash": "pk-Jg5S50VZ7HZS",
        "program": "",
        "request_txid": "MB76x/xWa/fA4Z5JMzSL+OkeWk73DE4HlfZbdzWxZ3D9lNzfJDcQWIrzPtxYa674Klvv0zo0TBUxMGNi95AQ3M0T0Cbp77ycqPJNur4WQfXLs3MZ0Bxllfwf7+yH9Siihg2c13rpjIYSivmPGkUUZzq7JJHPea01QaUREnEpawSdZQDXMEwMKDZYt063IJ4hqaBFeUV74twmfZCFvHjxmTakXIENNL39qXihxuNUQ9R3j4FDXsIFpcHfu5T5EyZOjXykJRf/135Nfc1vwdI3QEtfh+IExrrljM2colQ3a08L1cUMYu6D03JwqznZYMTK5vvvwcnpAvrwrSghSkAzkA=="
      }
    },
    {
      "type": "Feature",
      "geometry": {
        "type": "Point",
        "coordinates": [
          -51.32510833,
          -3.669613889
        ]
      },
      "properties": {
        "tree_id": "Edgar_20260929175720_165",
        "species": "Cacao - Criolla",
        "last_measured": "2026-09-29T17:55:59.600Z",
        "photo_url": "https://raw.githubusercontent.com/TrueSightDAO/sunmint/main/images/20260929145559_MIIBIjANBgkqhkiG9w0B.jpg",
        "status": "NEW",
        "submission_source": "https://cfr.truesight.me/",
        "pk_hash": "pk-3CTNgLAl82Lp",
        "program": "crf-anapu",
        "request_txid": "HKQ0PtrUps2VW6yeD6I8U8rhSNlIZv2zu3B3Hj+Cg9BoMysd64xr2UnQd34UfpNySnzhIjs2p2Ew4pZM7S0j70ecQx16exzNCrbr69JHLbORt8sUQOvLecjQj0g3NPiMgqzI2tlyYJxSyksrkx9n8PT+wGcikCfDZ/j/JMhaNYFCfnBA9vRyAWVQXg/pdBUMMwwmmEbp94Y7z8j6EWAcakqDqUPlRJx21Isi8WnxZiH74/261I5Vd2XeYCqlxdcwAR1wcl3pWstkWAmNHCI7kID2ESm70iRnCScFc4dhmKb7kh1dm67UOXNJpheLB/RBHagU5hzPCWf7acv/r1QtvA=="
      }
    },
    {
      "type": "Feature",
      "geometry": {
        "type": "Point",
        "coordinates": [
          -51.3005363,
          -3.3894976
        ]
      },
      "properties": {
        "tree_id": "Edgar_20260929180141_167",
        "species": "Cacao - Criolla",
        "last_measured": "2026-09-29T18:01:33.151Z",
        "photo_url": "https://raw.githubusercontent.com/TrueSightDAO/sunmint/main/images/20260929150133_MIIBIjANBgkqhkiG9w0B.jpg",
        "status": "NEW",
        "submission_source": "https://cfr.truesight.me/",
        "pk_hash": "pk-axLYGzPmbdXT",
        "program": "crf-anapu",
        "request_txid": "PqJ+QlsXaLnJ5g/TtRHFp+pJek8vGQM9mIOE4PPfm/dA1lIikQgetHhIKF3HY5rOpf9dAyGHX8r0H/usI4Xe5k8MRogwm4f01pedgcp8f6DrPSn7WM//bvbJ5PpJ1pVoZPC/nB2l92nXva1vsrNa/9iIsApzz74bMz5VgBltK58rKbP59lcn43dG7vB0qhlcL+HSS1BTE9/a5qh69M7jJ1W38teTUf+2EZPlOIfjCE17hqzOkqnUh7r0hFy9shDE8zi3NLtfX7i4GMeHbyk2in98LYORiswe/wLpw4T2TyoXR2cMOatJDjUDd6CwbPGm21Zd7g/T8Cov6FIIhQvr4w=="
      }
    },
    {
      "type": "Feature",
      "geometry": {
        "type": "Point",
        "coordinates": [
          -51.3005363,
          -3.3894976
        ]
      },
      "properties": {
        "tree_id": "Edgar_20260929180258_173",
        "species": "Cacao - Criolla",
        "last_measured": "2026-09-29T18:02:38.976Z",
        "photo_url": "https://raw.githubusercontent.com/TrueSightDAO/sunmint/main/images/20260929150238_MIIBIjANBgkqhkiG9w0B.jpg",
        "status": "NEW",
        "submission_source": "https://cfr.truesight.me/",
        "pk_hash": "pk-axLYGzPmbdXT",
        "program": "crf-anapu",
        "request_txid": "oq4boki0M110Y9Qi1ifDDw5jiSI0Caly8HwM4Zz7gp0y5DL8tqMe+bntlhvus8thC4eh3M/md45vMxzOZBqYETE/5Hegg7zjgZDSo2eSnDgEwk6sajJ5z6wwFRpcnq7g0Zb+zbERrIY/WxjlmFkFAh8VAFgwdapklH0lPy4t4KQcCaZZSC8THeaM/aFMI3abtfdNAKwybIjHKwCcz9jkVUMP9iA8Fr/7+SQbttIvGZ4q/QFQoP61ZMLgjSQX49afG00ftcWxgQzD+qGOtO6hzh2aeqy0K58yrjE4JXFYRfmOMqn7X+2krlGx42ey0uswiSjyamWbdlLU326PvksC/Q=="
      }
    },
    {
      "type": "Feature",
      "geometry": {
        "type": "Point",
        "coordinates": [
          -51.3003934,
          -3.3890932
        ]
      },
      "properties": {
        "tree_id": "Edgar_20260929180754_191",
        "species": "Cacao - Forestero",
        "last_measured": "2026-09-29T18:02:25.720Z",
        "photo_url": "https://raw.githubusercontent.com/TrueSightDAO/sunmint/main/images/20260929150225_MIIBIjANBgkqhkiG9w0B.jpg",
        "status": "NEW",
        "submission_source": "https://cfr.truesight.me/",
        "pk_hash": "pk-jw5N7WmmYZrT",
        "program": "crf-anapu",
        "request_txid": "qKvrtWlRVbl7DS5n1iUY3dHq8j/14BXDBzngBECsPUnDw+lz18eC0M1id+wEpzN1pv4bJ5ydmOIrjKItPq6PPgG5lqRXZIXTaJNCqIwHQ1A/BMCYbOS9CIPOaSGEQDJBiS/+DxW3OvoCmKzpXY3HmZifQu5wX5LkSHky9wgG2Nhc1uWyvehGA+x3IahzONda6yU+9rfaxKjSOqsIsQbDQ1J32Osho/Aus8TXt3e13ReqeX5fGbbCylglbbbgjxjiiXopRSLiNVUf9l6MJNKH03z8IFpXo2L/WlbvF5BUu0knl9h4VV68O4BymFIEOx5qx0uzKjCU4mDmQaVc/iAi7g=="
      }
    },
    {
      "type": "Feature",
      "geometry": {
        "type": "Point",
        "coordinates": [
          -51.32677778,
          -3.672322222
        ]
      },
      "properties": {
        "tree_id": "Edgar_20260929181630_227",
        "species": "Cacao - Criolla",
        "last_measured": "2026-09-29T17:56:43.333Z",
        "photo_url": "https://raw.githubusercontent.com/TrueSightDAO/sunmint/main/images/20260929145643_MIIBIjANBgkqhkiG9w0B.jpg",
        "status": "NEW",
        "submission_source": "https://cfr.truesight.me/",
        "pk_hash": "pk-3CTNgLAl82Lp",
        "program": "crf-anapu",
        "request_txid": "K0IBJTW3j5lwpNRbbOr6hK6NdYGyMe8kcYFCpZ72Vlp0XwYEfPJjvamkMwoyGQiAGyhby509cmcb6gsJOOu7bM7/n8a11GdZo0/Ln1/NVNA0YVFsc15jB2fQEBReGNACCV3bZTMBvKoSEt7GPtFZIqRVVHCrBIInxlKRHpH8n8vqI4ZAQbi8ZUElInAYdCToaZm5MXj44tbZ6L1WSRZJZ1/PXWLEBlV96k0fAkQ1MY/Z5vOkkWkzW0B6DgfwwmNF/gYx7Rg663aP0Ovhjn4sjF/4XP5XBAVpiYQY+RgZtJLbQg99BaEUAUnwqMLCKbb7AvRN8LWNAfnJApBuE9dJmg=="
      }
    },
    {
      "type": "Feature",
      "geometry": {
        "type": "Point",
        "coordinates": [
          -51.30038,
          -3.389065
        ]
      },
      "properties": {
        "tree_id": "Edgar_20260929181746_231",
        "species": "Cacao - Criolla",
        "last_measured": "2026-09-29T18:17:43.513Z",
        "photo_url": "https://raw.githubusercontent.com/TrueSightDAO/sunmint/main/images/20260929151743_MIIBIjANBgkqhkiG9w0B.jpg",
        "status": "NEW",
        "submission_source": "https://cfr.truesight.me/",
        "pk_hash": "pk-tBakdSKqWE6D",
        "program": "crf-anapu",
        "request_txid": "hlHhTVCJGib4o4R6LzoZwKAxDGzUk2Xoo0WIor3iBJEw78rcALwsYYAG+QOEzuWAuYvWmEZJDHyYB9np699AmWgtbW1NhgCt6hSZiJtOXsVk0Yu6ZEzj+WYCFOWdIbsVXeJXjBBtPT41dFoajEnjFGPz76l3m3vZjDWuqGC6Z2GFi9V1JCzFLxt6LbKSS2ndNRExtFfd72b/DeBWbk0t1BOQmDW10IbJ+zzYyktM4RNYGvGGE8bBDWkp5kbhBYMwbyAIvF6Doq7uS87Ee3LCkL/AzopbUHqFdSBXyO7Y2wOYScnl813o1Sd1YgUCasf7ML2y2gbnqatn97yBtsQXMg=="
      }
    },
    {
      "type": "Feature",
      "geometry": {
        "type": "Point",
        "coordinates": [
          -51.30038,
          -3.389065
        ]
      },
      "properties": {
        "tree_id": "Edgar_20260929181809_233",
        "species": "Cacao - Criolla",
        "last_measured": "2026-09-29T18:18:06.641Z",
        "photo_url": "https://raw.githubusercontent.com/TrueSightDAO/sunmint/main/images/20260929151806_MIIBIjANBgkqhkiG9w0B.jpg",
        "status": "NEW",
        "submission_source": "https://cfr.truesight.me/",
        "pk_hash": "pk-tBakdSKqWE6D",
        "program": "crf-anapu",
        "request_txid": "cAjC+I3B8icRRQn3wD3IHaHVvLMiHB56AVzWqYpuM+95kWPxzcQpUIuGLls/ocgHReXdJRM6YEzpXMb4CcALKVAtJhCBqu/N4PZ/pehHY9chV3VNjh6FYbtPLB2OQm7SWBbuqpBduHsbIQO6kQOuM7KuzTqUduDjGQRZV8Tl1S6RSYAoMfiCyfXsUq8EQRBGLcZNbNPk10kaouG9+WMWQ+G22Cah3BmqnAeHoISfVrpinzXNShINOShASRq0UCB1dQEkTCzgF4iooymNKy9jLLvX2S2CmIMrwJH82VsM5ITkhs7Qsr7vYGgOhZ/uXVh2Ee2L1ZvOdEUKadmQ5rcr4w=="
      }
    }
  ]
}